일자,기온(°C),습도(%rh),체감온도(°C)
2014-01-01,5.1,23.8,0.8
2014-01-02,4,9.4,1.6
2014-01-03,5.7,17.6,2.2
2014-01-04,5,15.8,1.6
2014-01-05,3.8,19.4,-0.4
2014-01-06,1.5,18,-3.1
2014-01-07,4.1,23,-0.4
2014-01-08,3.5,28.4,-1.8
2014-01-09,-5.1,26.6,-12.7
2014-01-10,-5.1,22.7,-12.1
2014-01-11,-1.2,13.3,-5.5
2014-01-12,0.1,17.3,-4.7
2014-01-13,-2.2,24.5,-8.7
2014-01-14,-3.2,28.1,-10.4
2014-01-15,-1.5,27.7,-8.2
2014-01-16,-1.1,28.1,-7.7
2014-01-17,2.1,19.1,-2.5
2014-01-18,-0.3,22,-5.9
2014-01-19,-3,23,-9.5
2014-01-20,2.3,23.4,-2.8
2014-01-21,-2.4,22,-8.6
2014-01-22,-3.2,34.2,-11.1
2014-01-23,-0.7,19.1,-6
2014-01-24,3.6,24.8,-1.3
2014-01-25,8.4,9.4,6.8
2014-01-26,3.5,22.7,-1.2
2014-01-27,2.5,6.5,0.7
2014-01-28,6.3,27.7,1.9
2014-01-29,4.7,10.4,2.2
2014-01-30,8.8,17.6,6.1
2014-02-01,7.4,6.5,6.3
2014-02-03,1.7,31,-4.4
2014-02-04,-5.3,34.9,-14
2014-02-05,-5.4,26.3,-13
2014-02-06,0.9,14.8,-3.3
2014-02-07,2.9,22,-1.8
2014-02-08,2.5,15.8,-1.5
2014-02-09,3.1,23,-1.7
2014-02-10,0,15.8,-4.6
2014-02-11,-0.5,22.7,-6.3
2014-02-12,1.2,19.8,-3.7
2014-02-13,2.4,16.9,-1.8
2014-02-14,3.1,25.9,-2
2014-02-15,0.8,23.4,-4.7
2014-02-16,1.6,5,0.2
2014-02-17,4.4,17.6,0.6
2014-02-18,2.1,18.4,-2.4
2014-02-19,2.1,17.3,-2.2
2014-02-20,2.8,11.5,-0.3
2014-02-21,0.4,23.4,-5.2
2014-02-22,5.3,11.9,2.6
2014-02-23,3.1,8.6,0.7
2014-02-24,5.6,13,2.8
2014-02-25,6.3,11.9,3.8
2014-02-26,8.2,10.8,6.3
2014-02-27,8.9,19.8,6
2014-03-01,8,11.9,5.9
2014-03-02,5.1,13,2.2
2014-03-03,4.5,17.6,0.7
2014-03-04,6,19.1,2.4
2014-03-05,2.8,13,-0.6
2014-03-06,-0.1,18.4,-5.1
2014-03-07,0.8,13.7,-3.2
2014-03-08,0.5,12.2,-3.2
2014-03-09,1.5,13.7,-2.3
2014-03-10,-0.4,23.8,-6.3
2014-03-11,3.3,11.2,0.4
2014-03-12,8.4,30.2,4.5
2014-03-13,3.2,16.6,-0.7
2014-03-14,1,15.8,-3.3
2014-03-15,2.2,13.3,-1.4
2014-03-16,9.1,28.1,5.5
2014-03-17,9.6,12.6,7.7
2014-03-18,9.3,17.6,6.7
2014-03-19,8.3,14.8,5.8
2014-03-20,4.8,19.4,0.9
2014-03-21,3.1,23,-1.7
2014-03-22,5.1,14,2
2014-03-23,9.1,12.6,7.1
2014-03-24,9.5,7.9,8.4
2014-04-04,5.4,19.4,1.6
2014-04-05,6.1,23.8,2
2014-04-06,5.8,25.6,1.5
2014-04-07,8.2,14.8,5.7
2014-04-19,10,13.3,8.1
2014-05-01,21.7,68.3,23.3
2014-05-02,23.7,57.9,24.5
2014-05-03,22.7,25.2,20.7
2014-05-04,19,57.7,19.9
2014-05-05,19.2,36,18.5
2014-05-06,19.7,33.5,18.7
2014-05-07,19.6,47.6,19.7
2014-05-08,22.3,63.7,23.6
2014-05-09,21.7,60.3,22.7
2014-05-10,22.2,36.1,21.3
2014-05-11,22.3,58,23.1
2014-05-12,24.4,61.5,25.5
2014-05-13,26.3,47.6,26.2
2014-05-14,18.6,84.5,21.2
2014-05-15,27.1,44.6,26.7
2014-05-16,23.8,45,23.6
2014-05-17,23.2,53.7,23.7
2014-05-18,23.8,55.2,24.4
2014-05-19,24.3,62.1,25.4
2014-05-20,20.6,78.5,22.9
2014-05-21,25.7,56.2,26.4
2014-05-22,24.9,55.4,25.5
2014-05-23,20.2,74.1,22.2
2014-05-24,23.7,69.2,25.4
2014-05-25,22.8,79,25.2
2014-05-26,24.2,80.7,26.7
2014-05-27,27,35.6,25.7
2014-05-28,22.5,81.9,25.1
2014-05-29,24.4,71,26.2
2014-05-30,23.4,72.3,25.3
2014-05-31,26,56.4,26.7
2014-06-01,25.9,60,26.9
2014-06-02,23.2,68.5,24.8
2014-06-03,20.7,84.5,23.4
2014-06-04,25.5,66.6,27
2014-06-05,21.4,84,24.1
2014-06-06,24.2,65.1,25.6
2014-06-07,23.6,69,25.2
2014-06-08,22.3,79.9,24.7
2014-06-09,22.7,73.5,24.7
2014-06-10,23.8,70.8,25.6
2014-06-11,25.1,67.1,26.6
2014-06-12,22.2,74.2,24.2
2014-06-13,24.2,73.1,26.1
2014-06-14,26.4,65.6,27.8
2014-06-15,28.5,53.3,28.9
2014-06-16,27.5,54.5,28
2014-06-17,21.3,95.6,24.8
2014-06-18,25.4,66.5,26.9
2014-06-19,26.3,65.9,27.8
2014-06-20,25.7,70.5,27.5
2014-06-21,21.7,79.4,24.1
2014-06-22,21.9,76.8,24.1
2014-06-23,23.8,72.4,25.7
2014-06-24,25.9,69.9,27.7
2014-06-25,25.5,77.2,27.8
2014-06-26,26.7,62.7,27.8
2014-06-27,26.6,69.3,28.3
2014-06-28,29.6,55.4,30.2
2014-06-29,27.6,60.7,28.6
2014-06-30,26.6,78.1,29
2014-07-01,26.8,78.1,29.2
2014-07-02,25.8,73.3,27.8
2014-07-03,25.5,81.1,28.1
2014-07-04,26,69.9,27.8
2014-07-05,26,69.9,27.8
2014-07-06,23,90.7,26.2
2014-07-07,23.1,96.9,26.7
2014-07-08,27.9,90.7,31.3
2014-07-09,28.4,79.2,30.9
2014-07-10,31.7,69.8,33.5
2014-07-11,32,49.4,31.9
2014-07-12,26.4,79.6,28.9
2014-07-13,24.2,84.7,27
2014-07-14,28.4,71.5,30.3
2014-07-15,26.6,77.1,28.9
2014-07-16,27.5,77.2,29.8
2014-07-17,25.3,87.3,28.3
2014-07-18,26.5,87.8,29.6
2014-07-19,30.2,70,32
2014-07-20,29.4,73.5,31.5
2014-07-21,28.2,75.5,30.4
2014-07-22,28.7,72.7,30.7
2014-07-23,30.2,70.5,32.1
2014-07-24,31.4,71.9,33.4
2014-07-25,29.6,84.9,32.6
2014-07-26,29.6,68.3,31.3
2014-07-27,28.7,53.4,29.1
2014-07-28,27,69.2,28.7
2014-07-29,29.4,69.6,31.2
2014-07-30,32.1,65.9,33.6
2014-07-31,32.9,63.1,34.1
2014-08-01,32.1,64,33.4
2014-08-02,28.6,81.3,31.3
2014-08-03,26.3,91.2,29.6
2014-08-04,24.8,98,28.5
2014-08-05,28.9,78.6,31.4
2014-08-06,29.5,72.8,31.5
2014-08-07,27.3,79.5,29.8
2014-08-08,25.1,81.1,27.7
2014-08-09,28,71.7,29.9
2014-08-10,27,75.2,29.2
2014-08-11,27.6,79,30.1
2014-08-12,31,59.4,31.9
2014-08-13,26.3,81.8,28.9
2014-08-14,24.4,80.1,26.9
2014-08-15,25.2,86,28.1
2014-08-16,28.4,67.9,30
2014-08-17,27.3,72.3,29.2
2014-08-18,24.6,97.7,28.3
2014-08-19,26.8,82.3,29.5
2014-08-20,24.3,99.1,28.1
2014-08-21,26.1,93.2,29.5
2014-08-22,27.6,74.7,29.7
2014-08-23,29.4,69.9,31.2
2014-08-24,27,82.8,29.7
2014-08-25,25.8,96.6,29.5
2014-08-26,27.5,82.4,30.2
2014-08-27,24.5,75.9,26.7
2014-08-28,24.2,73.5,26.2
2014-08-29,26.4,62.2,27.5
2014-08-30,26.5,62.9,27.7
2014-08-31,25.8,60.3,26.8
2014-09-01,27.1,61.4,28.2
2014-09-02,25.5,69.4,27.2
2014-09-03,25.9,92.3,29.3
2014-09-04,27.3,69.9,29.1
2014-09-05,30.6,45.3,30.2
2014-09-06,23.1,90.4,26.3
2014-09-07,27.7,60.4,28.7
2014-09-08,27.5,75.6,29.7
2014-09-09,29.3,59,30.2
2014-09-10,27.8,67.4,29.4
2014-09-11,27,60,28
2014-09-12,25.3,64.1,26.6
2014-09-13,26.3,58.7,27.2
2014-09-14,26.3,59.6,27.2
2014-09-15,26.9,62.6,28.1
2014-09-16,28.4,61.1,29.4
2014-09-17,24.1,75,26.2
2014-09-18,23.3,63.5,24.6
2014-09-19,22.9,63.9,24.2
2014-09-20,25.4,62.4,26.5
2014-09-21,26.7,53.8,27.2
2014-09-22,27.1,54.5,27.6
2014-09-23,26.7,60.4,27.7
2014-09-24,24,98.7,27.8
2014-09-25,26.5,62,27.6
2014-09-26,24.9,58.3,25.7
2014-09-27,25.6,60.4,26.6
2014-09-28,27.7,57.2,28.4
2014-09-29,26.2,67.3,27.8
2014-09-30,24,68,25.6
2014-11-03,7.4,16.2,4.5
2014-11-04,8.7,15.5,6.2
2014-11-12,7.5,23.4,3.9
2014-11-13,2.8,15.1,-1
2014-11-14,1.9,7.6,-0.4
2014-11-15,5.8,15.5,2.7
2014-11-16,9.3,25.2,6
2014-11-17,8.3,16.6,5.6
2014-11-18,6.2,21.2,2.4
2014-11-19,7,22.3,3.3
2014-11-20,8.5,19.4,5.5
2014-11-21,9.1,12.2,7.2
2014-11-22,9.6,6.8,8.8
2014-11-27,9.3,6.5,8.5
2014-12-01,0.9,22.7,-4.5
2014-12-02,-1.6,25.2,-8
2014-12-03,-0.2,25.2,-6.2
2014-12-04,1.7,18.4,-2.9
2014-12-05,-1.5,24.5,-7.8
2014-12-06,-2.4,24.5,-8.9
2014-12-07,-1.2,16.2,-6.1
2014-12-08,0.8,32.8,-5.7
2014-12-09,-0.5,35.6,-7.7
2014-12-10,6.5,18.7,3.1
2014-12-11,2.3,25.9,-3.1
2014-12-12,0.2,19.4,-4.9
2014-12-13,-0.8,14.4,-5.3
2014-12-14,-2.1,14.8,-7
2014-12-15,1.2,8.6,-1.5
2014-12-16,-2.2,25.9,-8.9
2014-12-17,-5.3,17.6,-11.5
2014-12-18,-5.1,20.2,-11.7
2014-12-19,-1.1,14.4,-5.7
2014-12-20,0.3,11.5,-3.3
2014-12-21,-2.3,17.3,-7.7
2014-12-22,-2.6,18,-8.2
2014-12-23,0.6,19.8,-4.5
2014-12-24,3.9,13.7,0.6
2014-12-25,-0.4,10.4,-3.9
2014-12-26,-2.1,16.6,-7.3
2014-12-27,0.8,5.4,-0.9
2014-12-28,2.9,14.8,-0.8
2014-12-29,2.6,16.9,-1.5
2014-12-30,4.7,22.3,0.4
2015-01-01,-4.9,22.7,-11.9
2015-01-02,-3.9,21.6,-10.4
2015-01-03,-3.6,25.9,-10.7
2015-01-04,3.1,20.2,-1.4
2015-01-05,3.6,7.6,1.6
2015-01-06,1.8,26.6,-3.8
2015-01-07,-1.2,18,-6.4
2015-01-08,-3.5,22,-10
2015-01-09,-0.8,9,-4
2015-01-10,-0.1,7.2,-2.6
2015-01-11,1.8,23.8,-3.5
2015-01-12,-1.9,25.9,-8.5
2015-01-13,2,6.1,0.2
2015-01-14,6.4,16.9,3.2
2015-01-15,5.3,15.5,2
2015-01-16,4.5,26.6,-0.3
2015-01-17,1.5,24.8,-4
2015-01-18,-0.1,21.6,-5.6
2015-01-19,4.5,32,-0.8
2015-01-20,0.8,21.6,-4.5
2015-01-21,6.1,14.8,3.1
2015-01-22,4.3,14,1
2015-01-23,2.2,14.8,-1.7
2015-01-24,1.2,24.1,-4.3
2015-01-25,4.4,9,2.2
2015-01-26,8.4,14.4,6
2015-01-27,1.5,15.8,-2.7
2015-01-28,-0.9,22.7,-6.8
2015-01-29,2.2,15.5,-1.8
2015-01-30,-0.4,20.2,-5.8
2015-02-01,-1.3,18.7,-6.7
2015-02-02,1.2,9.4,-1.7
2015-02-03,2.3,6.1,0.6
2015-02-04,2.4,15.8,-1.6
2015-02-05,0.4,15.1,-3.9
2015-02-06,-0.5,15.1,-5.1
2015-02-07,2.3,11.5,-0.9
2015-02-08,-5.2,11.9,-10.1
2015-02-09,-7.1,18.4,-13.9
2015-02-10,-0.3,33.5,-7.2
2015-02-11,2.6,16.6,-1.5
2015-02-12,0.8,19.1,-4.1
2015-02-13,-2.6,15.5,-7.7
2015-02-14,-0.6,10.1,-4.1
2015-02-15,5.4,16.6,2
2015-02-16,6.1,14.8,3.1
2015-02-17,3.9,19.1,-0.2
2015-02-18,1.9,23.4,-3.3
2015-02-19,1.1,23,-4.3
2015-02-20,2.3,9.4,-0.4
2015-02-21,5.5,10.8,3.1
2015-02-22,6.3,19.8,2.7
2015-02-23,3,27,-2.3
2015-02-24,4,25.9,-0.9
2015-02-25,6.4,8.6,4.6
2015-02-26,2.7,23,-2.2
2015-02-27,-0.8,20.2,-6.3
2015-03-01,2.3,17.3,-2
2015-03-02,1.1,25.6,-4.6
2015-03-03,2.9,18,-1.3
2015-03-04,-0.3,20.9,-5.8
2015-03-05,-1.4,20.5,-7.1
2015-03-06,4,18.4,0
2015-03-07,4.1,7.2,2.3
2015-03-08,6.1,7.6,4.5
2015-03-09,-0.2,31.7,-6.9
2015-03-10,-3.9,24.5,-10.9
2015-03-11,-1,26.3,-7.4
2015-03-12,1.2,15.8,-3.1
2015-03-13,5.9,22.3,1.9
2015-03-14,4.2,14.4,0.9
2015-03-15,6.7,8.3,5.1
2015-03-16,7.7,7.6,6.4
2015-03-17,9.9,9.4,8.6
2015-03-18,9.6,20.5,6.8
2015-03-19,8.8,14.4,6.5
2015-03-20,10,5.4,9.6
2015-03-23,4.7,12.2,1.9
2015-03-24,3.8,20.9,-0.6
2015-03-25,6.7,6.5,5.5
2015-03-26,7.5,18.4,4.4
2015-03-27,9.8,16.2,7.5
2015-03-28,9.3,12.6,7.4
2015-04-04,8.2,19.8,5.1
2015-04-05,8.4,15.8,5.8
2015-04-06,10,7.6,9.1
2015-04-07,8.8,15.5,6.4
2015-04-08,7.5,15.8,4.7
2015-04-09,6.1,11.9,3.6
2015-04-10,8.4,13,6.2
2015-04-11,7.8,4.7,7.4
2015-04-12,9.9,11.5,8.3
2015-04-13,10,17.6,7.6
2015-04-14,8.6,29.2,4.8
2015-04-15,7.9,13.3,5.6
2015-04-16,9.9,8.3,8.8
2015-04-17,8.3,10.1,6.6
2015-04-20,9.4,8.3,8.2
2015-04-21,8.2,5,7.7
2015-04-29,,,
2015-05-01,23.3,63.7,24.6
2015-05-02,23.7,63.9,25
2015-05-03,18.4,86.5,21.2
2015-05-04,24.7,49.2,24.8
2015-05-05,20.4,37.8,19.7
2015-05-06,18.4,63.1,19.7
2015-05-07,21.9,58.4,22.8
2015-05-08,23,48,23.1
2015-05-09,21.8,63.2,23
2015-05-10,19.2,63.2,20.5
2015-05-11,20.5,56.2,21.3
2015-05-12,17.9,99.2,21.5
2015-05-13,22.5,52.1,22.9
2015-05-14,21,83.7,23.7
2015-05-15,22.1,78,24.4
2015-05-16,19,78.3,21.3
2015-05-17,23.5,49.5,23.6
2015-05-18,17.6,77.2,19.8
2015-05-19,23.6,59.9,24.6
2015-05-20,23.5,46.1,23.4
2015-05-21,23.4,42.7,23
2015-05-22,24.7,44.5,24.4
2015-05-23,22.7,53,23.2
2015-05-24,23.3,60,24.3
2015-05-25,23.8,60.7,24.8
2015-05-26,29.7,40.6,28.8
2015-05-27,26.3,51.5,26.6
2015-05-28,25.4,59.6,26.3
2015-05-29,27.3,55.5,27.9
2015-05-30,21.5,87.2,24.4
2015-05-31,26.4,48.8,26.4
2015-06-01,25.2,59,26.1
2015-06-02,23.5,72.4,25.4
2015-06-03,27.5,44.1,27
2015-06-04,27,46.2,26.8
2015-06-05,19.3,85.7,22.1
2015-06-06,22.5,59.3,23.5
2015-06-07,24,66,25.5
2015-06-08,22.9,81.5,25.4
2015-06-09,23.6,79.3,26
2015-06-10,27.6,57.8,28.4
2015-06-11,21.7,97.1,25.3
2015-06-12,26.5,67.9,28.1
2015-06-13,23.4,84.4,26.2
2015-06-14,25,78.1,27.3
2015-06-15,22.3,91.2,25.5
2015-06-16,22.8,83.4,25.5
2015-06-17,23.8,68.1,25.4
2015-06-18,25.6,67.2,27.1
2015-06-19,27,59.8,28
2015-06-20,22.9,72.9,24.8
2015-06-21,23.8,73.7,25.8
2015-06-22,24.9,64.2,26.2
2015-06-23,26,72.5,27.9
2015-06-24,26.2,63.9,27.5
2015-06-25,26.6,61.3,27.6
2015-06-26,25.5,87.1,28.5
2015-06-27,23.5,76,25.7
2015-06-28,23.9,70.9,25.7
2015-06-29,26,66.7,27.5
2015-06-30,23.3,76.6,25.5
2015-07-01,26.9,66.8,28.4
2015-07-02,24.9,72,26.8
2015-07-03,27.1,69.4,28.8
2015-07-04,23.5,70.4,25.3
2015-07-05,24.7,72.1,26.6
2015-07-06,24.5,72.9,26.5
2015-07-07,19.5,97.2,23
2015-07-08,22.2,97.2,25.8
2015-07-09,27.2,73.7,29.2
2015-07-10,27.8,70.6,29.6
2015-07-11,27.6,74.3,29.7
2015-07-12,24.7,93.8,28.1
2015-07-13,24.7,80.2,27.2
2015-07-14,26.5,81.2,29.1
2015-07-15,30.4,64.9,31.8
2015-07-16,24.9,67.7,26.4
2015-07-17,22.1,65.1,23.5
2015-07-18,24.9,72.9,26.9
2015-07-19,28.7,58.1,29.5
2015-07-20,25.6,82.3,28.2
2015-07-21,26.5,82.1,29.2
2015-07-22,26.5,92.3,29.9
2015-07-23,28.7,81.8,31.4
2015-07-24,27.1,88.9,30.3
2015-07-25,28.3,82.7,31.1
2015-07-26,30.1,71.8,32.1
2015-07-27,31.9,67,33.5
2015-07-28,31.9,66.9,33.5
2015-07-29,30.8,74.8,33
2015-07-30,30.9,73.3,33
2015-07-31,31.9,65,33.3
2015-08-01,30.5,72.6,32.5
2015-08-02,30.6,69.3,32.3
2015-08-03,30.4,69.1,32.1
2015-08-04,31.3,61.2,32.4
2015-08-05,31.6,62.6,32.8
2015-08-06,30.6,70.2,32.4
2015-08-07,32.3,67.9,34
2015-08-08,32.2,71,34.1
2015-08-09,31.7,70.8,33.6
2015-08-10,33,57.6,33.7
2015-08-11,31.2,61.4,32.3
2015-08-12,23.8,96.1,27.3
2015-08-13,28.8,65.6,30.2
2015-08-14,29.2,73.3,31.3
2015-08-15,30.6,68.5,32.3
2015-08-16,30.4,65,31.8
2015-08-17,28,76.7,30.3
2015-08-18,28.5,65.6,29.9
2015-08-19,29.5,68.4,31.2
2015-08-20,28.3,76.8,30.6
2015-08-21,24.3,85.9,27.2
2015-08-22,28.9,65.2,30.3
2015-08-23,29.7,64.7,31.1
2015-08-24,26.4,77.3,28.7
2015-08-25,24.7,91.4,28
2015-08-26,25.6,78.5,28
2015-08-27,28.8,63.8,30.1
2015-08-28,29,69.6,30.7
2015-08-29,27.3,74.5,29.4
2015-08-30,28.7,72.1,30.6
2015-08-31,29.1,67.4,30.7
2015-09-01,27.6,72.8,29.6
2015-09-02,27.1,72.9,29.1
2015-09-03,28.8,69.3,30.5
2015-09-04,28.7,63.5,30
2015-09-05,26.7,68.9,28.4
2015-09-06,23.7,86.2,26.6
2015-09-07,27,51.1,27.2
2015-09-08,26.3,48.4,26.3
2015-09-09,26.9,48.7,26.9
2015-09-10,27.5,46.7,27.3
2015-09-11,26.7,64.8,28.1
2015-09-12,23.7,72.2,25.6
2015-09-13,26.5,43,26
2015-09-14,25.7,55.3,26.3
2015-09-15,24.6,57.4,25.4
2015-09-16,25.2,60.7,26.2
2015-09-17,19.3,94.5,22.6
2015-09-18,25.8,60.3,26.8
2015-09-19,24.9,67.8,26.4
2015-09-20,25.8,66.6,27.3
2015-09-21,26.6,62.9,27.8
2015-09-22,26.2,62.5,27.4
2015-09-23,22.5,84.8,25.3
2015-09-24,23.1,83.9,25.8
2015-09-25,25.4,67.7,27
2015-09-26,26.7,71,28.5
2015-09-27,26.5,64.9,27.9
2015-09-28,27.1,59.9,28.1
2015-09-29,26.7,58.5,27.5
2015-09-30,22.5,60.9,23.6
2015-10-30,8.9,23,5.7
2015-11-01,8.8,27,5.2
2015-11-02,9,24.8,5.7
2015-11-24,9.3,12.6,7.4
2015-11-25,7.5,17.3,4.5
2015-11-26,2.4,32.4,-3.6
2015-11-27,1.7,29.2,-4.2
2015-11-28,2.3,9.7,-0.5
2015-11-29,6.5,13,3.9
2015-12-01,6.9,4.7,6.3
2015-12-02,9.7,23.4,6.7
2015-12-03,3.5,25.9,-1.5
2015-12-04,3.4,28.1,-1.9
2015-12-05,3.7,11.5,0.8
2015-12-06,6.5,16.9,3.3
2015-12-07,5.4,5.4,4.4
2015-12-08,8.6,16.6,6
2015-12-09,8.6,5.8,7.9
2015-12-11,6.4,12.6,3.8
2015-12-12,6.1,16.2,2.9
2015-12-13,8,15.8,5.3
2015-12-14,8.8,7.9,7.6
2015-12-15,6.8,15.5,3.9
2015-12-16,1.3,23.8,-4.1
2015-12-17,-1.2,16.6,-6.2
2015-12-18,-2.4,21.2,-8.5
2015-12-19,3,23.8,-1.9
2015-12-20,6.1,9.7,4
2015-12-21,6.7,14.4,3.9
2015-12-22,5,6.5,3.6
2015-12-23,9.3,18.7,6.6
2015-12-24,6.6,13.7,3.9
2015-12-25,2.6,10.1,-0.2
2015-12-26,2.3,13,-1.2
2015-12-27,2,21.2,-2.9
2015-12-28,-2,20.5,-7.8
2015-12-29,-1.6,13,-6
2015-12-30,1.6,26.3,-4
2016-01-01,1.2,24.5,-4.3
2016-01-02,4.7,25.9,0
2016-01-03,8.8,18,6.1
2016-01-04,8.1,16.2,5.4
2016-01-05,3.3,17.3,-0.7
2016-01-06,1.8,24.1,-3.5
2016-01-07,1.5,15.5,-2.7
2016-01-08,-0.1,20.9,-5.5
2016-01-09,-0.1,13.3,-4.2
2016-01-10,0.8,6.8,-1.4
2016-01-11,2.6,28.8,-3
2016-01-12,-0.8,25.2,-7
2016-01-13,-2,14.4,-6.8
2016-01-14,0.7,21.6,-4.6
2016-01-15,-0.1,9.7,-3.4
2016-01-16,3.7,5.8,2.3
2016-01-17,5.1,10.8,2.6
2016-01-18,-2.6,44.6,-11.3
2016-01-19,-4.9,38.2,-13.8
2016-01-20,-6.2,17.3,-12.6
2016-01-21,-2.8,27.7,-9.9
2016-01-22,-2.6,31.7,-10.1
2016-01-23,-8.4,26.6,-17
2016-01-24,-9,32,-18.5
2016-01-25,-7.9,23.8,-15.9
2016-01-26,-3.5,28.1,-10.8
2016-01-27,0.8,23,-4.6
2016-01-28,2.2,21.6,-2.7
2016-01-29,3.5,16.2,-0.3
2016-01-30,4.9,20.9,0.8
2016-02-01,-1.1,26.3,-7.5
2016-02-02,-3.9,28.4,-11.4
2016-02-03,-2.8,28.1,-9.9
2016-02-04,-0.7,14,-5.1
2016-02-05,0.3,17.6,-4.5
2016-02-06,-0.1,25.2,-6.1
2016-02-07,-1.1,20.2,-6.7
2016-02-08,-1,18.7,-6.3
2016-02-09,4.5,34.2,-1
2016-02-10,2.6,18.7,-1.8
2016-02-11,4.9,8.3,2.9
2016-02-12,9.7,7.9,8.7
2016-02-14,0.1,21.2,-5.3
2016-02-15,-2,39.2,-10
2016-02-16,-1.7,24.8,-8.1
2016-02-17,-0.5,10.8,-4.1
2016-02-18,0.7,20.2,-4.4
2016-02-19,6.1,23.8,2
2016-02-20,3.9,24.8,-0.9
2016-02-21,-0.1,18.4,-5.1
2016-02-22,3.8,15.8,0.1
2016-02-23,4.5,15.1,1.1
2016-02-24,-0.5,19.8,-5.8
2016-02-25,-2.1,29.5,-9.2
2016-02-26,1.9,18.7,-2.7
2016-02-27,7.4,14.8,4.7
2016-02-28,6.8,18.4,3.5
2016-03-01,-4.3,19.1,-10.5
2016-03-02,0.1,14.8,-4.3
2016-03-03,6.1,17.6,2.7
2016-03-07,8,15.8,5.3
2016-03-08,5.2,15.8,1.9
2016-03-09,2.6,14,-1
2016-03-10,2.1,20.5,-2.7
2016-03-11,-0.8,27.7,-7.3
2016-03-12,0.9,20.5,-4.2
2016-03-13,5.7,11.5,3.2
2016-03-14,4.8,22.3,0.5
2016-03-15,3.7,15.1,0.1
2016-03-16,7.7,15.5,5
2016-03-17,8.6,10.1,6.9
2016-03-20,8.8,12.2,6.8
2016-03-21,7.4,9.4,5.6
2016-03-22,8.2,15.5,5.6
2016-03-23,8.2,14.4,5.8
2016-03-24,5.4,22.7,1.3
2016-03-25,6.6,13,4
2016-03-26,5.8,15.1,2.7
2016-03-27,4.7,19.8,0.7
2016-03-28,7.2,19.1,3.9
2016-04-11,9.2,18,6.6
2016-04-12,8.2,13.3,5.9
2016-05-01,22.6,55.9,23.3
2016-05-02,24.1,67.5,25.7
2016-05-03,19.5,73.7,21.5
2016-05-04,24.9,35.4,23.7
2016-05-05,24.4,33.8,23.1
2016-05-06,18.1,96.8,21.5
2016-05-07,25.1,36.8,24
2016-05-08,23,40.5,22.4
2016-05-09,22.1,61.7,23.2
2016-05-10,17.2,89.9,20.2
2016-05-11,18.7,67.9,20.3
2016-05-12,23.5,53.3,24
2016-05-13,21.1,72.5,23
2016-05-14,21.2,55.5,21.9
2016-05-15,22.9,75.5,25
2016-05-16,20,98.9,23.6
2016-05-17,25.3,32.6,23.8
2016-05-18,26.1,39.4,25.3
2016-05-19,24.3,54.7,24.9
2016-05-20,25.4,48,25.4
2016-05-21,26,35.8,24.8
2016-05-22,26,42,25.4
2016-05-23,24.1,68.8,25.7
2016-05-24,19.6,98.5,23.2
2016-05-25,23.7,62.6,24.9
2016-05-26,25.5,51.6,25.8
2016-05-27,25.8,56.6,26.5
2016-05-28,23.9,61.1,25
2016-05-29,25.2,60.4,26.2
2016-05-30,26.6,49.3,26.7
2016-05-31,30.5,36.5,29.1
2016-06-01,23.4,51.2,23.7
2016-06-02,23.6,55.9,24.3
2016-06-03,24.8,58.2,25.6
2016-06-04,23.8,61.5,24.9
2016-06-05,25,58,25.8
2016-06-06,20.1,87.5,23
2016-06-07,25.2,70.4,27
2016-06-08,22.2,82.6,24.8
2016-06-09,25.9,71.4,27.8
2016-06-10,25.2,70.5,27
2016-06-11,26.6,66.6,28.1
2016-06-12,23.9,91.9,27.2
2016-06-13,25.7,73.9,27.7
2016-06-14,24.1,73.8,26.1
2016-06-15,24,77,26.2
2016-06-16,25.9,79.7,28.4
2016-06-17,28.6,50,28.7
2016-06-18,25.4,69.2,27.1
2016-06-19,28.2,72.3,30.2
2016-06-20,28.5,70,30.3
2016-06-21,24.5,80.5,27
2016-06-22,23.3,94.6,26.7
2016-06-23,26.6,73,28.6
2016-06-24,24.2,92.9,27.6
2016-06-25,25.5,66.4,27
2016-06-26,28.6,50,28.7
2016-06-27,23.2,80.4,25.7
2016-06-28,25.3,61.3,26.4
2016-06-29,24.9,77.4,27.2
2016-06-30,27.2,73,29.2
2016-07-01,24,97.5,27.7
2016-07-02,24.2,97.7,27.9
2016-07-03,24.7,85.5,27.6
2016-07-04,22.1,99.2,25.8
2016-07-05,26,96.4,29.7
2016-07-06,29.2,78.1,31.6
2016-07-07,27.6,78.9,30.1
2016-07-08,30.2,67,31.7
2016-07-09,28.5,69.9,30.3
2016-07-10,29.2,69.9,31
2016-07-11,27,85.5,29.9
2016-07-12,25.2,95.5,28.8
2016-07-13,29.4,74.5,31.5
2016-07-14,31.9,54.1,32.3
2016-07-15,27.5,67.1,29
2016-07-16,24.3,97.3,28
2016-07-17,28.4,71,30.3
2016-07-18,27.9,73.5,30
2016-07-19,28.3,70.1,30.1
2016-07-20,28.4,63.8,29.7
2016-07-21,27.8,67.4,29.4
2016-07-22,28.1,63.4,29.3
2016-07-23,29.4,68.4,31.1
2016-07-24,30.2,74.3,32.4
2016-07-25,31,72.9,33.1
2016-07-26,31.1,71.6,33.1
2016-07-27,32.1,66.7,33.6
2016-07-28,30.9,78.2,33.4
2016-07-29,31.8,73.2,33.9
2016-07-30,32.7,64.1,34
2016-07-31,32,68.8,33.7
2016-08-01,31.7,73.1,33.8
2016-08-02,30.9,75.6,33.2
2016-08-03,31,72.2,33
2016-08-04,31.5,67.7,33.1
2016-08-05,31.8,67.6,33.4
2016-08-06,32.6,67.8,34.3
2016-08-07,32.7,67.9,34.4
2016-08-08,34.4,56.3,35
2016-08-09,32.9,57.3,33.6
2016-08-10,32.2,65.3,33.6
2016-08-11,34.8,63.1,36.1
2016-08-12,34.1,67.6,35.7
2016-08-13,35.1,58.4,35.9
2016-08-14,37.1,47.4,36.8
2016-08-15,36.6,47.2,36.2
2016-08-16,30.7,68.4,32.4
2016-08-17,32,66.1,33.5
2016-08-18,32.4,63.5,33.7
2016-08-19,32.6,61.5,33.7
2016-08-20,31.6,60.1,32.6
2016-08-21,33.2,56,33.8
2016-08-22,32.1,64.8,33.5
2016-08-23,31,63.5,32.3
2016-08-24,31.5,55.4,32.1
2016-08-25,33.3,62.2,34.4
2016-08-26,27.5,81.8,30.2
2016-08-27,28.1,48.3,28
2016-08-28,23.7,69.2,25.4
2016-08-29,25.7,53.7,26.2
2016-08-30,26,52.5,26.4
2016-08-31,29,38.5,27.9
2016-09-01,29.3,66.3,30.8
2016-09-02,24.9,76.2,27.1
2016-09-03,27.5,78.2,29.9
2016-09-04,28.4,72.3,30.4
2016-09-05,29.1,68.9,30.8
2016-09-06,28.7,72.2,30.6
2016-09-07,28.8,61.9,29.9
2016-09-08,27.9,62.8,29.1
2016-09-09,28.3,71,30.2
2016-09-10,27.7,68.4,29.3
2016-09-11,28.2,63.5,29.4
2016-09-12,23.4,79.1,25.8
2016-09-13,27.4,66.1,28.9
2016-09-14,28.1,63.5,29.3
2016-09-15,27.7,70.4,29.5
2016-09-16,25.8,76.9,28.1
2016-09-17,23.3,82.5,25.9
2016-09-18,23,79.2,25.4
2016-09-19,21.4,79.8,23.8
2016-09-20,25,46.9,24.9
2016-09-21,25.4,50.7,25.6
2016-09-22,24.6,65.3,26
2016-09-23,26.2,61.3,27.3
2016-09-24,26.7,62.8,27.9
2016-09-25,27.2,55.5,27.8
2016-09-26,27.2,75.1,29.3
2016-09-27,29.6,72.3,31.6
2016-09-28,25,97.3,28.7
2016-09-29,20.9,95.8,24.3
2016-09-30,19.1,98,22.6
2016-10-30,9.8,16.9,7.4
2016-11-01,5.7,31.7,0.8
2016-11-02,3.3,25.9,-1.8
2016-11-03,5.9,6.5,4.6
2016-11-08,8.5,25.2,5
2016-11-09,3.9,22,-0.6
2016-11-10,10,20.9,7.3
2016-11-11,8.7,16.6,6.1
2016-11-12,8.8,6.1,8.1
2016-11-16,9.9,7.2,9.1
2016-11-17,9.4,5,9.1
2016-11-22,6.4,26.3,2.2
2016-11-23,5.3,22,1.2
2016-11-24,0.5,28.4,-5.7
2016-11-25,1.8,25.6,-3.7
2016-11-26,4.4,28.1,-0.6
2016-11-27,6.2,19.1,2.7
2016-11-28,4.8,13,1.8
2016-11-29,3.8,29.5,-1.5
2016-12-01,4.6,24.8,0
2016-12-02,3.7,19.1,-0.5
2016-12-03,6.6,22,2.9
2016-12-04,9.2,15.8,6.8
2016-12-05,8,15.1,5.4
2016-12-06,3.8,19.4,-0.4
2016-12-07,1.9,28.8,-3.9
2016-12-08,4.9,14.4,1.7
2016-12-09,4.7,18.7,0.9
2016-12-10,2.5,23.4,-2.5
2016-12-11,1.8,21.6,-3.2
2016-12-12,6.1,6.8,4.7
2016-12-13,8.6,18,5.8
2016-12-14,2.3,23.8,-2.8
2016-12-15,-0.8,18.7,-6
2016-12-16,-2.7,30.6,-10.1
2016-12-17,-0.5,12.6,-4.5
2016-12-18,4.5,16.2,0.9
2016-12-19,7.9,8.6,6.4
2016-12-20,9.9,14,7.9
2016-12-22,7.1,24.5,3.3
2016-12-23,1.5,13.3,-2.2
2016-12-24,0,26.3,-6.1
2016-12-25,4.6,10.4,2.1
2016-12-26,6.6,18,3.3
2016-12-27,0.7,31,-5.7
2016-12-28,-1.7,23.4,-7.9
2016-12-29,0,16.9,-4.8
2016-12-30,-2,17.3,-7.3
2017-01-01,2.7,13.7,-0.9
2017-01-02,5.5,15.8,2.2
2017-01-03,3.8,13.7,0.5
2017-01-04,4.7,5.8,3.4
2017-01-05,6,15.8,2.9
2017-01-06,5.4,12.6,2.6
2017-01-07,4.8,8.3,2.8
2017-01-08,7.8,20.5,4.5
2017-01-09,4.2,14.8,0.8
2017-01-10,2.5,34.2,-3.6
2017-01-11,-2.1,14.8,-7
2017-01-12,0,15.5,-4.5
2017-01-13,-1,20.5,-6.6
2017-01-14,-5.8,22.7,-13
2017-01-15,-7.7,29.9,-16.5
2017-01-16,-2.2,32,-9.6
2017-01-17,0.7,10.8,-2.7
2017-01-18,1.7,17.3,-2.7
2017-01-19,2.2,25.2,-3.1
2017-01-20,-1.2,19.8,-6.7
2017-01-21,-3.9,24.8,-10.9
2017-01-22,-3.4,19.4,-9.4
2017-01-23,-6.1,18,-12.6
2017-01-24,-4.9,36.4,-13.6
2017-01-25,-3.3,22.3,-9.8
2017-01-26,-1.7,21.2,-7.6
2017-01-27,2.6,17.3,-1.6
2017-01-28,3,29.2,-2.5
2017-01-29,8.2,21.6,4.9
2017-01-30,-1.4,22.7,-7.4
2017-02-01,-0.5,25.9,-6.7
2017-02-02,-2.3,13.7,-7
2017-02-03,0.2,18.7,-4.8
2017-02-04,5.3,10.4,2.9
2017-02-05,4.3,22.3,-0.1
2017-02-06,1.5,17.3,-3
2017-02-07,0.8,23.8,-4.7
2017-02-08,2.8,18.7,-1.5
2017-02-09,-2.8,20.5,-8.9
2017-02-10,-4.7,25.9,-12.1
2017-02-11,-5.7,13,-11
2017-02-12,-2.4,29.9,-9.6
2017-02-13,-0.9,12.2,-4.9
2017-02-14,2.2,13.3,-1.4
2017-02-15,2.8,15.1,-1
2017-02-16,6.5,20.2,2.9
2017-02-17,5.9,26.3,1.5
2017-02-18,1.5,14.4,-2.5
2017-02-19,-0.7,14,-5.1
2017-02-20,0.7,23.8,-4.9
2017-02-21,-0.7,20.9,-6.3
2017-02-22,6.3,15.8,3.2
2017-02-23,1,24.5,-4.6
2017-02-24,-1.4,29.9,-8.3
2017-02-25,1.1,10.1,-2
2017-02-26,3.4,14,-0.1
2017-02-27,4.5,13.7,1.3
2017-03-01,7.3,25.6,3.4
2017-03-02,2.7,14,-0.9
2017-03-03,0.6,21.2,-4.7
2017-03-04,6.5,18.4,3.1
2017-03-05,7.4,14.4,4.8
2017-03-06,2.1,15.5,-1.9
2017-03-07,-0.6,13,-4.8
2017-03-08,-2.3,21.6,-8.4
2017-03-09,2.3,25.9,-3.1
2017-03-10,3.4,9,1
2017-03-11,6.7,16.9,3.6
2017-03-12,6.8,9,5
2017-03-13,8.7,16.2,6.2
2017-03-14,5.3,13,2.4
2017-03-15,3.5,18,-0.6
2017-03-16,5.9,11.5,3.4
2017-03-17,7,20.5,3.5
2017-03-18,9.2,17.6,6.6
2017-03-19,9.7,16.9,7.3
2017-03-20,8.2,13.3,5.9
2017-03-21,6.5,26.3,2.3
2017-03-22,4.6,9,2.4
2017-03-23,9.1,15.8,6.7
2017-03-24,8.2,13.3,5.9
2017-03-25,6,20.9,2.2
2017-03-26,4.6,19.4,0.6
2017-03-27,4.5,21.2,0.3
2017-03-28,4.1,9,1.8
2017-03-29,6.2,11.9,3.7
2017-03-30,7.7,6.5,6.7
2017-04-01,6.8,18.4,3.5
2017-04-02,5.1,14.4,2
2017-04-03,7,15.5,4.1
2017-04-11,9.9,20.2,7.2
2017-04-13,9.1,10.1,7.5
2017-05-01,22.6,39.6,22
2017-05-02,19.7,52.8,20.2
2017-05-03,23.3,50.3,23.5
2017-05-04,22.5,62.1,23.6
2017-05-05,22.9,76.3,25.1
2017-05-06,24.8,28,22.9
2017-05-07,26.5,30.3,24.7
2017-05-08,25.8,30.7,24.1
2017-05-09,18.7,57.2,19.6
2017-05-10,22.2,65.5,23.6
2017-05-11,23.9,63.3,25.1
2017-05-12,18.1,94,21.3
2017-05-13,20.3,78.1,22.6
2017-05-14,23.1,41.7,22.6
2017-05-15,20.8,45.5,20.8
2017-05-16,21.3,51.4,21.7
2017-05-17,21.6,60.7,22.6
2017-05-18,25.7,45,25.4
2017-05-19,27.6,36,26.4
2017-05-20,25.8,40.1,25.1
2017-05-21,25.7,42.6,25.2
2017-05-22,25.7,48.2,25.7
2017-05-23,24,55.4,24.6
2017-05-24,23,68.3,24.6
2017-05-25,28.1,41.7,27.4
2017-05-26,20.7,52.8,21.2
2017-05-27,21.4,60.7,22.5
2017-05-28,24.1,35.7,23
2017-05-29,26.1,40.8,25.4
2017-05-30,25.8,55.2,26.4
2017-05-31,25.4,61.9,26.5
2017-06-01,24.8,67.9,26.4
2017-06-02,22.4,61.8,23.5
2017-06-03,25.3,46.9,25.2
2017-06-04,25.2,38.9,24.4
2017-06-05,22.9,58.9,23.8
2017-06-06,21.7,62.7,22.9
2017-06-07,22.9,71.1,24.7
2017-06-08,27,43.7,26.5
2017-06-09,26.5,48.1,26.5
2017-06-10,24.2,71,26
2017-06-11,24,56.8,24.7
2017-06-12,22.4,46.8,22.4
2017-06-13,21.2,61.3,22.3
2017-06-14,23.9,62,25
2017-06-15,30.4,30.8,28.4
2017-06-16,24.4,57.2,25.2
2017-06-17,23.3,65.9,24.7
2017-06-18,24.5,69.5,26.2
2017-06-19,25.8,60.5,26.8
2017-06-20,24.9,71.5,26.8
2017-06-21,26.5,60.3,27.5
2017-06-22,27.3,55.7,27.9
2017-06-23,28.2,57.4,28.9
2017-06-24,26.2,62.6,27.4
2017-06-25,25.2,70.3,27
2017-06-26,25.1,71.6,27
2017-06-27,25.6,64,26.9
2017-06-28,27.6,64.2,28.9
2017-06-29,23.9,74.2,25.9
2017-06-30,27.5,70,29.3
2017-07-01,28.4,71.7,30.3
2017-07-02,26.3,87.9,29.4
2017-07-03,27.3,75.7,29.5
2017-07-04,27.8,74.8,30
2017-07-05,26.1,80.1,28.6
2017-07-06,27,80.9,29.6
2017-07-07,26.5,89.7,29.7
2017-07-08,28.1,80.1,30.6
2017-07-09,28.6,77.1,31
2017-07-10,26.3,87.9,29.4
2017-07-11,27,76.7,29.3
2017-07-12,30.4,67,31.9
2017-07-13,28.4,71.3,30.3
2017-07-14,29.3,76.1,31.6
2017-07-15,29.9,73.7,32
2017-07-16,30.7,67,32.3
2017-07-17,30.7,67,32.3
2017-07-18,29.4,72.4,31.4
2017-07-19,30.9,66,32.4
2017-07-20,29.5,77.9,31.9
2017-07-21,30.5,76.2,32.8
2017-07-22,32.7,63.1,34
2017-07-23,30.7,72.8,32.7
2017-07-24,30.8,71.6,32.7
2017-07-25,29.4,76.2,31.7
2017-07-26,29.5,59.8,30.4
2017-07-27,29,59,29.8
2017-07-28,29.6,65.9,31.1
2017-07-29,29.1,66.9,30.6
2017-07-30,30,67.7,31.6
2017-07-31,30.6,67.7,32.2
2017-08-01,31.5,65.9,33
2017-08-02,30.8,62.8,32
2017-08-03,31.8,61.5,32.9
2017-08-04,33.8,57.3,34.5
2017-08-05,35.2,50.7,35.2
2017-08-06,35.4,56,36
2017-08-07,34.8,56.6,35.4
2017-08-08,34.1,51.5,34.2
2017-08-09,28.6,88,31.8
2017-08-10,33,61.7,34.1
2017-08-11,30.1,69.2,31.8
2017-08-12,30.6,61.5,31.7
2017-08-13,29.3,60,30.3
2017-08-14,24.2,94.5,27.7
2017-08-15,27.7,77,30
2017-08-16,27.8,78.9,30.3
2017-08-17,28.7,74.2,30.8
2017-08-18,29.2,70.8,31.1
2017-08-19,28.9,73.6,31
2017-08-20,29,77.2,31.4
2017-08-21,29.3,82.9,32.1
2017-08-22,29.1,78.6,31.6
2017-08-23,31.7,75.6,34
2017-08-24,32.9,62.2,34.1
2017-08-25,29.6,74,31.7
2017-08-26,29.5,47.3,29.3
2017-08-27,28.2,52.3,28.5
2017-08-28,29.5,59.2,30.4
2017-08-29,28.8,74.5,31
2017-08-30,28.2,57.9,28.9
2017-08-31,28.2,47.9,28.1
2017-09-01,28.5,43.2,27.9
2017-09-02,27.3,44.2,26.9
2017-09-03,27.8,46.9,27.6
2017-09-04,28,56.8,28.7
2017-09-05,26.4,72.9,28.4
2017-09-06,25.6,78.3,28
2017-09-07,24.1,77,26.4
2017-09-08,28.8,58.1,29.6
2017-09-09,29.3,59.7,30.2
2017-09-10,27.9,68,29.5
2017-09-11,25.4,95.5,29
2017-09-12,28.5,60.3,29.5
2017-09-13,27.6,42.2,27
2017-09-14,27.3,50.5,27.5
2017-09-15,23.8,53.4,24.3
2017-09-16,24.4,63.8,25.7
2017-09-17,24.2,78.7,26.6
2017-09-18,26.7,67.5,28.3
2017-09-19,26.1,68.9,27.8
2017-09-20,23.9,70.7,25.7
2017-09-21,25.6,59.2,26.5
2017-09-22,26.5,60.1,27.5
2017-09-23,25.6,59.4,26.5
2017-09-24,27.3,55.5,27.9
2017-09-25,28,62.3,29.2
2017-09-26,26.9,59.5,27.8
2017-09-27,21.9,85.5,24.7
2017-09-28,25.3,56.2,26
2017-09-29,23.2,32.7,21.9
2017-09-30,25.6,42.2,25
2017-10-30,7.4,24.5,3.6
2017-11-04,7.1,21.6,3.5
2017-11-05,7.2,22,3.6
2017-11-06,8.4,7.2,7.3
2017-11-11,6.6,11.9,4.2
2017-11-12,7.9,13.7,5.5
2017-11-13,9.4,10.4,7.8
2017-11-14,9.1,11.5,7.3
2017-11-15,5.8,7.9,4.1
2017-11-16,3.3,10.8,0.4
2017-11-17,5.5,5.4,4.5
2017-11-18,1,19.8,-4
2017-11-19,-0.4,21.6,-6
2017-11-20,3.5,17.3,-0.5
2017-11-21,4.7,17.6,1
2017-11-22,6.7,13.7,4
2017-11-23,2.9,11.9,-0.3
2017-11-24,2.6,14.4,-1.1
2017-11-25,2.1,11.5,-1.2
2017-11-26,8.1,9.7,6.4
2017-11-27,7.8,10.4,5.9
2017-12-01,-0.3,19.1,-5.5
2017-12-02,0.7,14,-3.4
2017-12-03,4.1,17.6,0.2
2017-12-04,-0.5,20.5,-5.9
2017-12-05,-2.3,19.4,-8
2017-12-06,-1.5,10.8,-5.3
2017-12-07,3.6,14,0.2
2017-12-08,-0.1,20.9,-5.5
2017-12-09,-1.7,9.7,-5.3
2017-12-10,3.9,9.7,1.4
2017-12-11,-1.9,39.2,-9.9
2017-12-12,-6,12.6,-11.2
2017-12-13,-5.6,11.2,-10.4
2017-12-14,-1.9,20.5,-7.7
2017-12-15,2.4,21.2,-2.4
2017-12-16,-1.8,17.3,-7.1
2017-12-17,-4.4,18.4,-10.5
2017-12-18,-3,15.5,-8.2
2017-12-19,-0.5,23.8,-6.4
2017-12-20,-2.8,22,-9.1
2017-12-21,1,13.7,-2.9
2017-12-22,0.8,19.1,-4.1
2017-12-23,4.9,20.9,0.8
2017-12-24,4.4,22.3,0
2017-12-25,0.1,29.2,-6.3
2017-12-26,0,29.2,-6.4
2017-12-27,-4.1,12.2,-8.8
2017-12-28,-0.8,32.8,-7.8
2017-12-29,1.4,14.8,-2.7
2017-12-30,3.5,10.1,0.8
2018-01-01,-0.7,10.8,-4.4
2018-01-02,-0.3,12.6,-4.3
2018-01-03,1,27,-4.9
2018-01-04,-0.8,28.8,-7.4
2018-01-05,1.6,22,-3.5
2018-01-06,-0.7,17.3,-5.7
2018-01-07,0.5,5.4,-1.2
2018-01-08,4.3,31,-1
2018-01-09,0.5,32.4,-6.1
2018-01-10,-4.7,19.4,-11.1
2018-01-11,-6.2,33.1,-14.9
2018-01-12,-9.4,12.2,-15.2
2018-01-13,-5.3,9.4,-9.5
2018-01-14,-0.1,14.8,-4.5
2018-01-15,4.4,9.4,2.1
2018-01-16,5.7,16.9,2.3
2018-01-17,5.4,20.2,1.5
2018-01-18,4.1,16.2,0.5
2018-01-19,1.9,24.1,-3.4
2018-01-20,0.8,25.9,-5
2018-01-21,2.4,20.5,-2.3
2018-01-22,5.4,23,1.2
2018-01-23,-5,22.7,-12
2018-01-24,-8.7,23,-16.8
2018-01-25,-9.7,33.1,-19.5
2018-01-26,-9.5,15.8,-16.3
2018-01-27,-8.5,21.6,-16.3
2018-01-28,-1,14,-5.4
2018-01-29,-4.8,15.1,-10.4
2018-01-30,-6.7,16.6,-13
2018-02-01,-0.6,15.1,-5.2
2018-02-02,-0.1,22,-5.7
2018-02-03,-4.6,28.8,-12.3
2018-02-04,-8,27,-16.5
2018-02-05,-8,16.9,-14.7
2018-02-06,-8.6,18.7,-15.8
2018-02-07,-7.6,31.3,-16.6
2018-02-08,-3.8,19.8,-10
2018-02-09,0.4,7.9,-2.2
2018-02-10,1.2,14,-2.8
2018-02-11,-3.9,19.4,-10.1
2018-02-12,-3.7,23,-10.4
2018-02-13,-1.8,27.7,-8.6
2018-02-14,2.6,22.3,-2.3
2018-02-15,5.3,8.3,3.4
2018-02-16,4.3,11.5,1.5
2018-02-17,0.3,17.3,-4.4
2018-02-18,0.1,14.4,-4.2
2018-02-19,4.6,12.2,1.7
2018-02-20,4.1,12.2,1.1
2018-02-21,2.8,17.6,-1.4
2018-02-22,0.7,26.3,-5.2
2018-02-23,1.9,23.4,-3.3
2018-02-24,6.5,25.2,2.4
2018-02-25,5.8,14.4,2.8
2018-02-26,3.2,7.6,1.1
2018-02-27,5.4,4.7,4.7
2018-03-01,2.8,10.4,-0.1
2018-03-02,-0.7,23.8,-6.7
2018-03-03,4.8,16.9,1.2
2018-03-05,3.6,18.7,-0.5
2018-03-06,3.5,18.7,-0.7
2018-03-07,5,16.6,1.5
2018-03-08,4.6,20.2,0.5
2018-03-09,2.4,11.5,-0.8
2018-03-10,3.9,7.9,1.9
2018-03-11,4.7,24.1,0.2
2018-03-12,6.2,5.4,5.3
2018-03-13,10,23.8,7
2018-03-16,2.5,19.8,-2.1
2018-03-17,2.5,18,-1.8
2018-03-18,5.1,7.2,3.5
2018-03-19,5.4,24.8,1
2018-03-20,3,24.8,-2
2018-03-21,1.2,20.5,-3.8
2018-03-22,2.1,22,-2.9
2018-03-23,5.9,19.8,2.2
2018-03-24,6.9,18.4,3.6
2018-03-25,8.8,11.5,6.9
2018-04-04,8.5,18,5.7
2018-04-05,8.8,14.4,6.5
2018-04-06,6.7,29.2,2.3
2018-04-07,4.1,41,-2
2018-04-08,3.6,21.2,-0.9
2018-04-10,9.7,7.2,8.8
2018-04-15,9.6,9,8.3
2018-04-16,9.2,18.7,6.5
2018-04-25,8.3,6.8,7.3
2018-04-26,9.3,7.9,8.2
2018-05-01,22.5,56.2,23.2
2018-05-02,17.5,86.8,20.3
2018-05-03,19.6,29.1,18.3
2018-05-04,18.5,40.8,18.2
2018-05-05,20,60.9,21.1
2018-05-06,17.6,96.3,21
2018-05-07,16.7,83.7,19.3
2018-05-08,15.4,74.1,17.4
2018-05-09,16.5,60.8,17.7
2018-05-10,18.1,62.9,19.4
2018-05-11,20.7,55.9,21.4
2018-05-12,18.9,85,21.6
2018-05-13,23.2,71,25
2018-05-14,22.7,58.1,23.6
2018-05-15,24.5,58,25.3
2018-05-16,21.6,96.2,25.1
2018-05-17,21.6,96.2,25.1
2018-05-18,20.9,96.7,24.4
2018-05-19,18.8,56,19.5
2018-05-20,19.5,56.3,20.3
2018-05-21,22.4,56.4,23.1
2018-05-22,22.3,63.5,23.6
2018-05-23,24.9,66.6,26.4
2018-05-24,23.5,53.1,24
2018-05-25,25.4,51.4,25.7
2018-05-26,26.6,37,25.5
2018-05-27,23.9,68.1,25.5
2018-05-28,20.9,85.6,23.7
2018-05-29,26.1,67.8,27.6
2018-05-30,26,64.3,27.3
2018-05-31,23.9,45.2,23.7
2018-06-01,25.4,49.5,25.5
2018-06-02,28,47.9,27.9
2018-06-03,24.2,70.5,26
2018-06-04,26.3,51.7,26.6
2018-06-05,21.9,67.5,23.4
2018-06-06,26,61.9,27.1
2018-06-07,25.2,67.6,26.8
2018-06-08,27.7,54.9,28.2
2018-06-09,24.6,56.6,25.3
2018-06-10,23.5,62.3,24.7
2018-06-11,21,71.4,22.8
2018-06-12,21.4,64.8,22.7
2018-06-13,22.9,67.9,24.5
2018-06-14,23.3,63.5,24.6
2018-06-15,23.5,54.8,24.1
2018-06-16,22.8,58.5,23.7
2018-06-17,25.9,54.3,26.4
2018-06-18,26.2,69.6,27.9
2018-06-19,26.2,62.6,27.4
2018-06-20,27,59.6,27.9
2018-06-21,30.2,42.8,29.5
2018-06-22,26.9,59.6,27.8
2018-06-23,26.3,61.4,27.4
2018-06-24,30.7,50.3,30.8
2018-06-25,26.4,73.1,28.4
2018-06-26,24,95.6,27.6
2018-06-27,25,85.6,27.9
2018-06-28,22.6,95.8,26.1
2018-06-29,24.2,91.3,27.5
2018-06-30,22.9,90.4,26.1
2018-07-01,28.5,71,30.3
2018-07-02,29.1,75.1,31.3
2018-07-03,24.4,91.1,27.7
2018-07-04,29.5,63.3,30.7
2018-07-05,25.8,86.3,28.8
2018-07-06,21.7,94.3,25.1
2018-07-07,22.7,69.3,24.4
2018-07-08,23.4,71.7,25.3
2018-07-09,22.1,92.6,25.4
2018-07-10,28.7,75.3,30.9
2018-07-11,30.3,66.4,31.8
2018-07-12,30.1,75.4,32.3
2018-07-13,29.9,73.9,32
2018-07-14,31,71.4,32.9
2018-07-15,30.6,72.7,32.6
2018-07-16,30.8,65.7,32.3
2018-07-17,30.6,65.2,32
2018-07-18,32.3,62.3,33.5
2018-07-19,31.9,63.6,33.2
2018-07-20,32.8,68.1,34.5
2018-07-21,32,75.5,34.3
2018-07-22,32.7,61.4,33.8
2018-07-23,33,59.8,34
2018-07-24,32.1,67.4,33.7
2018-07-25,33,68.4,34.7
2018-07-26,34,63.7,35.3
2018-07-27,33.1,73.3,35.2
2018-07-28,32.4,61.2,33.5
2018-07-29,35.1,42,34.2
2018-07-30,33.2,60.1,34.2
2018-07-31,33.8,52,34
2018-08-01,34.6,52.8,34.9
2018-08-02,33.4,60,34.4
2018-08-03,32.2,69.4,34
2018-08-04,33.8,58.5,34.6
2018-08-05,36.1,49.7,36
2018-08-06,33.3,66.4,34.9
2018-08-07,31.9,60.4,32.9
2018-08-08,31.6,63.2,32.8
2018-08-09,32.8,58.3,33.6
2018-08-10,28.1,77.6,30.5
2018-08-11,31.4,65.9,32.8
2018-08-12,32.7,64.7,34.1
2018-08-13,34.1,65.6,35.6
2018-08-14,33.7,61.9,34.9
2018-08-15,34,58.2,34.8
2018-08-16,28.1,84.5,31
2018-08-17,28.8,50.2,28.9
2018-08-18,28.8,54,29.2
2018-08-19,30,53.8,30.4
2018-08-20,29.6,65.3,31
2018-08-21,31.1,69.1,32.8
2018-08-22,32.6,59.2,33.5
2018-08-23,29.8,71.2,31.7
2018-08-24,30,68.7,31.7
2018-08-25,28,70.3,29.8
2018-08-26,29.1,80.1,31.7
2018-08-27,27,89.1,30.2
2018-08-28,30.4,71.2,32.3
2018-08-29,30.2,70.9,32.1
2018-08-30,30.1,71.1,32
2018-08-31,27.9,76.4,30.2
2018-09-01,23.8,97,27.4
2018-09-02,25.9,67.2,27.4
2018-09-03,26.1,91.1,29.4
2018-09-04,30,54.5,30.5
2018-09-05,28,63.6,29.3
2018-09-06,26.2,62.3,27.3
2018-09-07,23.8,83.1,26.5
2018-09-08,23.9,65.5,25.3
2018-09-09,26.2,60,27.2
2018-09-10,25.8,48.1,25.8
2018-09-11,25.8,53.7,26.3
2018-09-12,28,64.2,29.3
2018-09-13,22.7,95.2,26.2
2018-09-14,23,96.7,26.6
2018-09-15,25.1,81.6,27.7
2018-09-16,27.4,80.6,30
2018-09-17,27.4,61.6,28.5
2018-09-18,28,65.8,29.4
2018-09-19,26.2,71.9,28.1
2018-09-20,21.6,94.1,25
2018-09-21,21.8,97.7,25.4
2018-09-22,27.4,60.2,28.4
2018-09-23,26.9,69,28.6
2018-09-24,20.9,75.1,23
2018-09-25,25.5,50.7,25.7
2018-09-26,24,55.3,24.6
2018-09-27,23.6,56.1,24.3
2018-09-28,24.8,58.9,25.7
2018-09-29,18.1,98.1,21.6
2018-09-30,25,67.9,26.5
2018-10-12,9.7,6.5,9
2018-10-27,10,10.8,8.5
2018-10-28,8.3,11.5,6.3
2018-10-30,8.3,16.9,5.6
2018-11-01,7.9,17.3,5
2018-11-02,8.5,5.4,7.9
2018-11-03,9.2,4.7,8.9
2018-11-14,9.2,8.6,7.9
2018-11-15,9,6.1,8.3
2018-11-17,10,22.7,7.1
2018-11-18,9.2,17.3,6.7
2018-11-19,8.1,19.8,5
2018-11-20,6.6,16.6,3.5
2018-11-21,8.2,10.8,6.3
2018-11-22,4.6,7.2,2.9
2018-11-23,2.8,11.9,-0.4
2018-11-24,4.9,13.3,1.9
2018-11-25,6.8,12.2,4.4
2018-11-26,7.7,19.8,4.5
2018-11-28,8.5,8.3,7.2
2018-11-29,9.5,5.8,9
2018-12-01,7.8,10.4,5.9
2018-12-02,9.9,10.4,8.4
2018-12-05,4.8,21.6,0.6
2018-12-06,5.7,27.4,1.2
2018-12-07,-3.1,15.8,-8.4
2018-12-08,-5.2,12.2,-10.2
2018-12-09,-3.9,22,-10.5
2018-12-10,-1.1,9,-4.3
2018-12-11,3.7,19.4,-0.5
2018-12-12,0.7,22.3,-4.7
2018-12-13,-1.4,18.4,-6.8
2018-12-14,-2.1,25.6,-8.7
2018-12-15,-0.6,19.4,-5.9
2018-12-16,3.6,19.8,-0.7
2018-12-17,3.6,16.2,-0.2
2018-12-18,2.6,12.6,-0.8
2018-12-19,5.7,20.2,1.9
2018-12-20,8.4,10.1,6.7
2018-12-21,8.2,10.1,6.5
2018-12-22,10,13.3,8.1
2018-12-23,4.1,10.4,1.5
2018-12-24,1.1,22.3,-4.2
2018-12-25,0.2,22,-5.3
2018-12-26,3.8,9.7,1.3
2018-12-27,-4.4,17.6,-10.4
2018-12-28,-7.1,22,-14.6
2018-12-29,-5,26.6,-12.6
2018-12-30,-4.4,21.6,-11.1
2019-01-01,-1.7,22,-7.7
2019-01-02,-1.9,20.9,-7.8
2019-01-03,-1.3,18.7,-6.7
2019-01-04,1.7,21.2,-3.3
2019-01-05,3.5,17.3,-0.5
2019-01-06,2.7,15.8,-1.2
2019-01-07,1,19.1,-3.9
2019-01-08,0.5,18.4,-4.4
2019-01-09,-2.6,17.3,-8.1
2019-01-10,2.7,16.6,-1.3
2019-01-11,1.1,23,-4.3
2019-01-12,5.4,24.5,1.1
2019-01-13,4.1,23,-0.4
2019-01-14,3.5,9.4,1
2019-01-15,1.9,19.4,-2.8
2019-01-16,-4.3,24.8,-11.4
2019-01-17,-1.9,13.7,-6.5
2019-01-18,1.5,22.3,-3.7
2019-01-19,4.8,12.2,2
2019-01-20,0.5,12.6,-3.3
2019-01-21,-2.3,13.7,-7
2019-01-22,1.4,11.9,-2.1
2019-01-23,2.4,11.9,-0.9
2019-01-24,2.3,18.4,-2.1
2019-01-25,0.2,18,-4.7
2019-01-26,-2.4,28.1,-9.4
2019-01-27,-0.5,18.7,-5.7
2019-01-28,2.2,18.7,-2.3
2019-01-29,0.9,23.4,-4.6
2019-01-30,5.5,16.9,2.1
2019-02-01,-4.2,21.6,-10.8
2019-02-02,0,20.9,-5.4
2019-02-03,9.5,22.7,6.5
2019-02-04,3.6,16.2,-0.2
2019-02-05,4.8,23.4,0.4
2019-02-06,6.6,18.7,3.2
2019-02-07,1.5,18,-3.1
2019-02-08,-1.2,23,-7.2
2019-02-09,0.4,20.2,-4.8
2019-02-10,-0.4,24.5,-6.4
2019-02-11,0.3,23.8,-5.4
2019-02-12,0.4,26.6,-5.6
2019-02-13,1.5,17.6,-3
2019-02-14,2,12.6,-1.5
2019-02-15,4,9.4,1.6
2019-02-16,0.4,14.8,-3.9
2019-02-17,-1.5,15.5,-6.4
2019-02-18,2.4,21.2,-2.4
2019-02-19,5.9,13.7,3.1
2019-02-20,2.4,27.4,-3.1
2019-02-21,1.9,11.5,-1.4
2019-02-22,7.8,12.2,5.6
2019-02-23,7.3,17.6,4.2
2019-02-24,5.6,9.4,3.5
2019-02-25,6.8,16.2,3.8
2019-02-26,6.8,5.8,5.9
2019-02-27,8.8,11.5,6.9
2019-03-01,7.4,16.2,4.5
2019-03-02,8.3,8.3,6.9
2019-03-03,9.6,12.6,7.7
2019-03-04,8.9,10.4,7.2
2019-03-05,8.7,13,6.6
2019-03-06,9,11.2,7.2
2019-03-07,7.7,18.7,4.6
2019-03-08,6.9,9,5.1
2019-03-09,7.6,11.9,5.4
2019-03-10,6.7,17.3,3.5
2019-03-11,6.2,20.5,2.5
2019-03-12,4.8,22.7,0.5
2019-03-13,2.1,31.3,-3.9
2019-03-14,2.7,16.2,-1.3
2019-03-15,3.8,27.4,-1.3
2019-03-16,3.2,29.9,-2.3
2019-03-17,5.5,14.4,2.5
2019-03-18,8.2,7.9,6.9
2019-03-19,9.4,12.2,7.6
2019-03-22,5.5,24.1,1.2
2019-03-23,3.7,18,-0.3
2019-03-24,2,26.3,-3.5
2019-03-25,4.7,16.6,1.1
2019-03-26,7.7,15.5,5
2019-03-30,5.8,33.1,0.8
2019-04-01,2.2,14.4,-1.6
2019-04-02,4.8,10.1,2.4
2019-04-03,5.8,19.4,2.1
2019-04-04,6.3,11.5,3.9
2019-04-07,10,13.3,8.1
2019-04-08,9.6,14.4,7.5
2019-04-09,8.5,27.4,4.8
2019-04-10,7.9,22,4.5
2019-04-11,7.1,14.4,4.4
2019-04-12,7.4,21.6,3.9
2019-04-15,7.9,15.1,5.3
2019-04-20,9.7,8.6,8.5
2019-04-26,8.6,13.3,6.4
2019-04-27,8.1,10.8,6.2
2019-05-01,20.7,64.7,22.1
2019-05-02,21.5,45.2,21.4
2019-05-03,23,46.7,22.9
2019-05-04,22.5,54.9,23.1
2019-05-05,23.8,38.8,23
2019-05-06,20.7,47.1,20.8
2019-05-07,19.8,38.6,19.3
2019-05-08,21.4,33.2,20.3
2019-05-09,22.7,29.2,21.1
2019-05-10,23.7,29.4,22
2019-05-11,23.4,48.6,23.5
2019-05-12,25.7,28.4,23.7
2019-05-13,20.7,65,22.1
2019-05-14,24.6,57.6,25.4
2019-05-15,25.7,48.4,25.7
2019-05-16,26.7,46.8,26.5
2019-05-17,23.7,67.3,25.2
2019-05-18,20.4,64.9,21.8
2019-05-19,21.8,73.6,23.7
2019-05-20,22.8,73.2,24.7
2019-05-21,22.2,41.7,21.8
2019-05-22,24.6,36.6,23.6
2019-05-23,25.7,48.5,25.7
2019-05-24,25.1,55.2,25.7
2019-05-25,30,31.9,28.1
2019-05-26,25.5,49.4,25.6
2019-05-27,19.7,96.3,23.2
2019-05-28,19.4,95.4,22.7
2019-05-29,24.6,43.3,24.2
2019-05-30,26.7,26.7,24.5
2019-05-31,21.7,50.1,22
2019-06-01,23.9,52.1,24.3
2019-06-02,24.6,49.5,24.7
2019-06-03,25.5,50.2,25.7
2019-06-04,26.3,64.4,27.6
2019-06-05,29.2,52,29.5
2019-06-06,27,58.6,27.8
2019-06-07,19.9,94.9,23.3
2019-06-08,22.2,71.1,24
2019-06-09,21.8,64.8,23.2
2019-06-10,22.7,53.4,23.2
2019-06-11,22.1,55.5,22.8
2019-06-12,22.1,65.4,23.5
2019-06-13,23,64.1,24.3
2019-06-14,23.4,74.7,25.5
2019-06-15,25.2,57.4,26
2019-06-16,23.1,67.7,24.7
2019-06-17,24.5,67.7,26.1
2019-06-18,24.8,65.2,26.2
2019-06-19,27.3,62.7,28.5
2019-06-20,27.3,61.2,28.4
2019-06-21,26.8,60.6,27.8
2019-06-22,25,59.8,26
2019-06-23,24.5,60.4,25.5
2019-06-24,24.3,63.8,25.6
2019-06-25,26.7,50.6,26.9
2019-06-26,21.8,97.3,25.4
2019-06-27,24.4,95.9,28
2019-06-28,25.5,71,27.3
2019-06-29,23.7,98,27.4
2019-06-30,28,70.3,29.8
2019-07-01,27.8,65,29.2
2019-07-02,26.4,73.1,28.4
2019-07-03,23.9,86.3,26.8
2019-07-04,28.3,63,29.5
2019-07-05,26.9,65,28.3
2019-07-06,28.7,58.6,29.5
2019-07-07,26.5,53,26.9
2019-07-08,26.7,64.4,28
2019-07-09,26,63.1,27.2
2019-07-10,21.9,97.6,25.5
2019-07-11,27,72.9,29
2019-07-12,28.3,64.6,29.6
2019-07-13,23.4,87.7,26.4
2019-07-14,26.7,66,28.1
2019-07-15,26.5,71.7,28.4
2019-07-16,27.1,67.8,28.7
2019-07-17,27.6,63.3,28.8
2019-07-18,23,97.3,26.6
2019-07-19,23.6,98,27.3
2019-07-20,23.9,99.2,27.7
2019-07-21,26,86,28.9
2019-07-22,29.1,77.9,31.5
2019-07-23,29.8,73.7,31.9
2019-07-24,29.2,77.4,31.6
2019-07-25,27.6,87.2,30.7
2019-07-26,26.7,92.8,30.2
2019-07-27,26.9,96,30.6
2019-07-28,29,83.2,31.8
2019-07-29,29.8,85,32.8
2019-07-30,30.4,82.6,33.2
2019-07-31,30.8,72.6,32.8
2019-08-01,31,72.9,33.1
2019-08-02,32.8,65.5,34.3
2019-08-03,32.7,60.2,33.7
2019-08-04,32.2,63,33.4
2019-08-05,32.8,61.5,33.9
2019-08-06,29.7,71.6,31.6
2019-08-07,30.4,75.8,32.7
2019-08-08,32.5,65,33.9
2019-08-09,32.4,67.9,34.1
2019-08-10,32.2,59.2,33.1
2019-08-11,30.6,70.6,32.4
2019-08-12,31,78.2,33.5
2019-08-13,35,52.5,35.2
2019-08-14,33,63.4,34.3
2019-08-15,27.8,91.4,31.2
2019-08-16,31.3,67.9,32.9
2019-08-17,29.6,68.6,31.3
2019-08-18,29.8,78.3,32.3
2019-08-19,30,74.5,32.2
2019-08-20,30.2,64.9,31.6
2019-08-21,29.2,77.3,31.6
2019-08-22,27.2,87.3,30.3
2019-08-23,25.8,93.7,29.3
2019-08-24,28.1,56.9,28.8
2019-08-25,27.5,60.6,28.5
2019-08-26,27.9,72.4,29.9
2019-08-27,25.1,89.8,28.3
2019-08-28,26.3,84.8,29.2
2019-08-29,24.1,93,27.5
2019-08-30,28.1,67,29.6
2019-08-31,27.9,60.5,28.9
2019-09-01,27.5,72.3,29.4
2019-09-02,22.8,95.3,26.3
2019-09-03,25.7,83,28.4
2019-09-04,26.8,87.8,29.9
2019-09-05,29,82.6,31.8
2019-09-06,28.6,80.2,31.2
2019-09-07,26.6,93,30.1
2019-09-08,28.8,80.5,31.4
2019-09-09,30.1,75.7,32.4
2019-09-10,28.9,78.7,31.4
2019-09-11,29.2,84.5,32.1
2019-09-12,23.4,79.3,25.8
2019-09-13,27.4,55.2,27.9
2019-09-14,27.7,63.8,29
2019-09-15,29.1,64.8,30.5
2019-09-16,27.8,59.1,28.7
2019-09-17,27.7,45.6,27.4
2019-09-18,28.2,49.6,28.2
2019-09-19,25.6,45.1,25.3
2019-09-20,26.5,50.4,26.7
2019-09-21,20.6,88.4,23.6
2019-09-22,19.1,97.7,22.6
2019-09-23,20.7,79.9,23.1
2019-09-24,23.7,61.8,24.8
2019-09-25,25.4,56,26.1
2019-09-26,27.8,58.8,28.6
2019-09-27,26.1,66.2,27.5
2019-09-28,26.1,86.6,29.1
2019-09-29,28.8,73.2,30.8
2019-09-30,27.7,75,29.9
2019-11-09,10,18.4,7.5
2019-11-14,5.9,18.4,2.4
2019-11-15,6.1,18.4,2.6
2019-11-18,6.9,22.3,3.2
2019-11-19,4.2,8.3,2.1
2019-11-20,2.8,23.4,-2.1
2019-11-21,4.1,6.5,2.5
2019-11-25,10,23.8,7
2019-11-26,8.9,14.4,6.6
2019-11-27,9.6,14,7.5
2019-11-28,7.2,9.7,5.3
2019-11-29,5.6,15.5,2.4
2019-12-01,6.7,30.6,2.2
2019-12-02,3.2,15.5,-0.6
2019-12-03,0.4,7.6,-2.1
2019-12-04,4.8,16.9,1.2
2019-12-05,0,12.2,-3.8
2019-12-06,-2.6,23,-9
2019-12-07,-2.1,13.7,-6.7
2019-12-08,2.6,10.4,-0.3
2019-12-09,4.4,12.6,1.4
2019-12-10,8,14.4,5.5
2019-12-11,7.1,36.4,2.3
2019-12-12,3,15.1,-0.7
2019-12-13,3,22.7,-1.8
2019-12-14,6.7,16.6,3.6
2019-12-15,6.9,13,4.4
2019-12-16,7.4,7.2,6.1
2019-12-17,9.3,8.3,8.1
2019-12-18,8,24.8,4.4
2019-12-19,3.6,12.2,0.5
2019-12-20,1.4,7.6,-1
2019-12-21,1.9,12.2,-1.5
2019-12-22,4.6,6.8,3
2019-12-23,5.6,14,2.6
2019-12-24,3.4,18,-0.7
2019-12-25,5.8,5.8,4.7
2019-12-26,4.2,27.4,-0.8
2019-12-27,1.1,22.7,-4.2
2019-12-28,0.1,18,-4.8
2019-12-29,3.3,6.1,1.7
2019-12-30,7.1,19.8,3.7
2020-01-01,-2.9,18,-8.6
2020-01-02,0.6,16.2,-3.9
2020-01-03,2.3,17.6,-2
2020-01-04,2.2,10.8,-0.9
2020-01-05,3.2,13,-0.1
2020-01-06,5.7,5.8,4.6
2020-01-07,9.1,13.3,7
2020-01-08,5,15.8,1.6
2020-01-09,4.3,23,-0.2
2020-01-10,1.6,14.8,-2.4
2020-01-11,2.5,19.8,-2.1
2020-01-12,2.3,24.5,-2.9
2020-01-13,1.3,21.2,-3.8
2020-01-14,-0.2,22,-5.8
2020-01-15,-0.2,10.1,-3.6
2020-01-16,-0.2,17.6,-5.1
2020-01-17,5,17.6,1.4
2020-01-18,1.5,22.3,-3.7
2020-01-19,2.1,16.6,-2.1
2020-01-20,2.4,9,-0.2
2020-01-21,0.6,21.2,-4.7
2020-01-22,8.7,20.2,5.7
2020-01-23,8.4,20.5,5.3
2020-01-24,7.4,12.2,5.1
2020-01-25,8.4,13.7,6.1
2020-01-26,7.4,13.7,4.9
2020-01-27,5,26.3,0.4
2020-01-28,6.2,20.5,2.5
2020-01-29,7.1,17.3,4
2020-01-30,4.8,13.7,1.7
2020-02-01,2.2,17.3,-2.1
2020-02-02,4.2,9,1.9
2020-02-03,2.9,11.5,-0.2
2020-02-04,0.3,16.9,-4.4
2020-02-05,-2.3,17.3,-7.7
2020-02-06,-4.8,26.3,-12.3
2020-02-07,2.6,18,-1.7
2020-02-08,0.5,14.8,-3.8
2020-02-09,-0.7,19.8,-6.1
2020-02-10,1.6,12.2,-1.9
2020-02-11,4.4,5,3.4
2020-02-12,10,8.3,8.9
2020-02-13,8.3,16.6,5.6
2020-02-14,9.3,9.7,7.8
2020-02-15,9.9,14.8,7.8
2020-02-16,0.9,25.6,-4.8
2020-02-17,-3,20.9,-9.2
2020-02-18,-3.8,24.1,-10.7
2020-02-19,0.4,16.9,-4.3
2020-02-20,6.8,9.7,4.9
2020-02-21,5.8,6.8,4.4
2020-02-22,5.3,28.8,0.5
2020-02-23,1.8,13.3,-1.9
2020-02-24,6.1,17.6,2.7
2020-02-25,8.1,20.5,4.9
2020-02-26,7,14.8,4.2
2020-02-27,5.4,16.6,2
2020-02-28,4.9,7.6,3.1
2020-03-01,7.3,13.3,4.8
2020-03-02,5.2,12.6,2.4
2020-03-03,6,16.2,2.8
2020-03-04,2.4,19.8,-2.2
2020-03-05,0,29.9,-6.5
2020-03-06,4.5,12.6,1.5
2020-03-07,6.7,10.8,4.5
2020-03-08,5.9,15.8,2.7
2020-03-09,8.2,12.6,6
2020-03-10,7.9,18,4.9
2020-03-11,3.6,22.7,-1
2020-03-12,3.8,20.2,-0.5
2020-03-13,8.9,19.4,6
2020-03-14,5,14,1.9
2020-03-15,3.4,22,-1.2
2020-03-16,1.1,23,-4.3
2020-03-17,6.6,25.6,2.5
2020-03-18,7.8,7.6,6.5
2020-03-19,7.4,29.2,3.2
2020-03-20,7,22.3,3.3
2020-03-21,9.9,29.9,6.5
2020-03-23,9.1,15.5,6.7
2020-03-24,8.7,11.5,6.8
2020-03-25,7.6,4.7,7.1
2020-03-27,9.7,9.7,8.3
2020-03-28,7.8,15.1,5.2
2020-03-29,6.9,17.6,3.7
2020-03-30,8.6,11.2,6.7
2020-04-02,7.3,11.9,5.1
2020-04-03,9.8,16.2,7.5
2020-04-04,8.8,16.6,6.2
2020-04-05,5.6,14,2.6
2020-04-06,8,18.7,5
2020-04-07,9.8,16.2,7.5
2020-04-08,9.4,12.6,7.5
2020-04-09,8.1,16.2,5.4
2020-04-10,9.1,14,6.9
2020-04-11,8.7,9.4,7.2
2020-04-12,7.5,18.7,4.4
2020-04-13,7.5,22.7,3.9
2020-04-14,8.9,9.4,7.4
2020-04-21,8.1,28.4,4.2
2020-04-22,5.5,18,1.9
2020-04-23,4.6,15.5,1.2
2020-04-24,6.5,20.5,2.9
2020-04-27,9.5,5,9.2
2020-04-28,9.6,8.3,8.5
2020-05-01,22.6,68,24.2
2020-05-02,21.8,70.1,23.5
2020-05-03,17.9,91.5,21
2020-05-04,25,66.7,26.5
2020-05-05,18.4,70.6,20.2
2020-05-06,21.4,65.4,22.8
2020-05-07,19.9,52.4,20.4
2020-05-08,21.1,58.9,22
2020-05-09,17.5,98.5,21
2020-05-10,20.6,72.3,22.4
2020-05-11,25.3,43.5,24.9
2020-05-12,21.3,52,21.7
2020-05-13,22.3,40.6,21.8
2020-05-14,24.9,34,23.6
2020-05-15,18.7,74.1,20.7
2020-05-16,24.4,73.2,26.3
2020-05-17,21.4,76.8,23.6
2020-05-18,19.7,87.7,22.6
2020-05-19,17.1,98.7,20.6
2020-05-20,19.4,57.9,20.3
2020-05-21,18.1,64.1,19.4
2020-05-22,18.7,65.2,20.1
2020-05-23,20.9,68.1,22.5
2020-05-24,22.3,67.2,23.8
2020-05-25,23.1,69,24.7
2020-05-26,22.1,64.2,23.4
2020-05-27,26,37.5,25
2020-05-28,24.9,46.6,24.8
2020-05-29,24.1,51.1,24.4
2020-05-30,23.5,50.2,23.7
2020-05-31,23.6,74.8,25.7
2020-06-01,25.3,67.6,26.9
2020-06-02,24.9,48.4,24.9
2020-06-03,25.7,65,27.1
2020-06-04,26.5,67.6,28.1
2020-06-05,27,61.9,28.1
2020-06-06,26.6,59.4,27.5
2020-06-07,24.6,53.2,25
2020-06-08,27.9,43.4,27.4
2020-06-09,27.4,59,28.3
2020-06-10,28.8,56.7,29.5
2020-06-11,25.9,80.6,28.4
2020-06-12,25.8,78.4,28.2
2020-06-13,24.1,87.7,27.1
2020-06-14,27,79.7,29.5
2020-06-15,28.7,52.2,29
2020-06-16,29,39.7,28.1
2020-06-17,26.1,50.9,26.3
2020-06-18,21.1,76,23.2
2020-06-19,26.6,65.3,28
2020-06-20,24.5,63.8,25.8
2020-06-21,25.2,62.6,26.4
2020-06-22,27.6,56.8,28.3
2020-06-23,28.9,57.2,29.6
2020-06-24,26.2,65.6,27.6
2020-06-25,24.6,90,27.8
2020-06-26,28.1,61.1,29.2
2020-06-27,27.8,63.7,29.1
2020-06-28,30.5,57.8,31.3
2020-06-29,25.1,79.5,27.6
2020-06-30,24.5,67.9,26.1
2020-07-01,24.3,69.2,26
2020-07-02,25.7,68.9,27.3
2020-07-03,21.9,85,24.6
2020-07-04,25.4,65.3,26.8
2020-07-05,25.8,64.1,27.1
2020-07-06,25.6,78.5,28
2020-07-07,25,81,27.6
2020-07-08,28,64.3,29.3
2020-07-09,25.5,75.4,27.7
2020-07-10,25.9,86.7,28.9
2020-07-11,24.2,86.5,27.1
2020-07-12,21.3,88.6,24.3
2020-07-13,20.2,96.6,23.7
2020-07-14,20.5,90.4,23.6
2020-07-15,20.5,91.7,23.7
2020-07-16,24.2,69.6,25.9
2020-07-17,25.8,62.9,27
2020-07-18,25.5,68.4,27.1
2020-07-19,25.2,94.9,28.8
2020-07-20,26.3,86.9,29.3
2020-07-21,28.5,76.3,30.7
2020-07-22,23.9,95.2,27.4
2020-07-23,23,99.2,26.7
2020-07-24,22.9,98.4,26.6
2020-07-25,23.7,82.2,26.3
2020-07-26,26.9,72.4,28.9
2020-07-27,24.7,86.1,27.6
2020-07-28,22.8,91,26
2020-07-29,24.8,96.7,28.4
2020-07-30,27.8,86,30.8
2020-07-31,30.5,75.8,32.8
2020-08-01,29.7,71,31.6
2020-08-02,29.9,75.4,32.1
2020-08-03,29.3,77.7,31.7
2020-08-04,29.4,79.7,31.9
2020-08-05,29.2,80.2,31.8
2020-08-06,27.2,83.1,30
2020-08-07,27.8,79.4,30.3
2020-08-08,26.4,90,29.6
2020-08-09,28.4,81.8,31.1
2020-08-10,28.4,82.6,31.2
2020-08-11,29.8,76.7,32.1
2020-08-12,27.4,93.1,30.9
2020-08-13,31,74,33.2
2020-08-14,30,78,32.4
2020-08-15,31.2,74.1,33.4
2020-08-16,31,73.3,33.1
2020-08-17,33.1,63.3,34.4
2020-08-18,31.4,74.5,33.6
2020-08-19,33.2,61.4,34.3
2020-08-20,33.1,65.3,34.5
2020-08-21,30.5,71.4,32.4
2020-08-22,30.7,65.3,32.1
2020-08-23,30.5,71.9,32.5
2020-08-24,31.9,65.3,33.3
2020-08-25,32.5,73.9,34.7
2020-08-26,31.2,75.3,33.5
2020-08-27,27.8,86.5,30.8
2020-08-28,31.1,73,33.2
2020-08-29,31.2,70.7,33.1
2020-08-30,32.9,62.6,34.1
2020-08-31,29.7,67.3,31.3
2020-09-01,30.3,70.7,32.2
2020-09-02,28.6,82.7,31.4
2020-09-03,29.2,59.4,30.1
2020-09-04,27.8,60.1,28.7
2020-09-05,22.4,81.8,25
2020-09-06,21.6,92.2,24.8
2020-09-07,23.8,95.7,27.3
2020-09-08,26.8,73.5,28.8
2020-09-09,27.3,62.9,28.5
2020-09-10,26.8,76.1,29
2020-09-11,27.2,68.8,28.9
2020-09-12,26.2,67.8,27.8
2020-09-13,24.5,66.6,26
2020-09-14,25.9,66.4,27.4
2020-09-15,26.9,71.1,28.7
2020-09-16,24,84.8,26.8
2020-09-17,23.2,84.9,26
2020-09-18,21.4,68.5,23
2020-09-19,25.9,45.7,25.7
2020-09-20,26.6,39.4,25.7
2020-09-21,24.4,50.3,24.6
2020-09-22,23.5,55,24.1
2020-09-23,22.8,68,24.4
2020-09-24,25.5,58.9,26.4
2020-09-25,25.4,61.8,26.5
2020-09-26,26.1,55.6,26.7
2020-09-27,25.6,51.6,25.9
2020-09-28,24.1,51.9,24.4
2020-09-29,24.7,54.9,25.3
2020-09-30,25.5,57.9,26.3
2020-10-01,,,
2020-10-02,,,
2020-10-03,,,
2020-10-04,,,
2020-10-05,,,
2020-10-06,,,
2020-10-07,,,
2020-10-08,,,
2020-10-09,,,
2020-10-10,,,
2020-10-11,,,
2020-10-12,,,
2020-10-13,,,
2020-10-14,,,
2020-10-15,,,
2020-10-16,,,
2020-10-17,,,
2020-10-18,,,
2020-10-19,,,
2020-10-20,,,
2020-10-21,,,
2020-10-22,,,
2020-10-23,8.9,18.4,6.2
2020-10-24,8.3,26.6,4.6
2020-10-25,9.8,28.1,6.4
2020-10-26,,,
2020-10-27,,,
2020-10-28,,,
2020-10-29,,,
2020-10-30,,,
2020-10-31,,,
2020-11-01,,,
2020-11-02,,,
2020-11-03,5.7,17.3,2.3
2020-11-04,4.6,20.2,0.5
2020-11-05,7.1,24.8,3.2
2020-11-06,,,
2020-11-07,,,
2020-11-08,8.9,16.2,6.4
2020-11-09,5.1,26.3,0.5
2020-11-10,7.9,14.4,5.4
2020-11-11,8.8,17.6,6.1
2020-11-12,9.8,5.4,9.4
2020-11-13,,,
2020-11-14,,,
2020-11-15,,,
2020-11-16,,,
2020-11-17,,,
2020-11-18,,,
2020-11-19,,,
2020-11-20,7.4,29.5,3.2
2020-11-21,6.3,19.8,2.7
2020-11-22,9.2,18.4,6.5
2020-11-23,5,31.7,-0.1
2020-11-24,5.8,30.2,1.1
2020-11-25,7.3,19.8,4
2020-11-26,7.6,30.6,3.4
2020-11-27,5,14.8,1.8
2020-11-28,2.6,20.9,-2.1
2020-11-29,1.6,24.8,-3.8
2020-11-30,1.8,20.5,-3
2020-12-01,1.4,20.9,-3.6
2020-12-02,6.1,20.5,2.4
2020-12-03,3.7,18.4,-0.4
2020-12-04,0.5,23,-5
2020-12-05,2.6,25.9,-2.7
2020-12-06,3.8,19.8,-0.4
2020-12-07,4.9,14,1.8
2020-12-08,1.5,19.1,-3.2
2020-12-09,1.8,23,-3.4
2020-12-10,5.5,24.5,1.2
2020-12-11,6.8,16.2,3.8
2020-12-12,5.1,13.3,2.1
2020-12-13,2.2,15.8,-1.8
2020-12-14,-3.7,24.1,-10.5
2020-12-15,-5.5,11.5,-10.3
2020-12-16,-4.8,20.2,-11.3
2020-12-17,-4.8,27,-12.4
2020-12-18,-0.7,17.3,-5.7
2020-12-19,-0.8,32,-7.7
2020-12-20,-1.3,26.6,-7.8
2020-12-21,-0.5,28.1,-6.9
2020-12-22,1.1,11.2,-2.3
2020-12-23,2.7,15.8,-1.2
2020-12-24,3.2,25.9,-1.9
2020-12-25,1.2,19.8,-3.7
2020-12-26,2.4,22.3,-2.5
2020-12-27,5.1,23.4,0.8
2020-12-28,6.1,24.1,2
2020-12-29,1.8,29.5,-4.1
2020-12-30,-7.3,24.5,-15.2
2020-12-31,-7.5,32.4,-16.6
2021-01-01,-4.6,10.1,-8.8
2021-01-02,-1.3,16.2,-6.2
2021-01-03,-2.5,17.3,-7.9
2021-01-04,-2.2,19.1,-7.9
2021-01-05,-1.9,20.2,-7.7
2021-01-06,-5.9,33.1,-14.5
2021-01-07,-9.8,34.6,-19.9
2021-01-08,-11.7,25.2,-21
2021-01-09,-9.6,23,-17.9
2021-01-10,-6.8,23.8,-14.5
2021-01-11,-2.8,25.6,-9.6
2021-01-12,-3.3,11.2,-7.6
2021-01-13,1.7,20.9,-3.2
2021-01-14,4.7,9.7,2.4
2021-01-15,7.4,8.6,5.8
2021-01-16,0.3,20.5,-4.9
2021-01-17,-2.1,37.8,-10
2021-01-18,-2.1,18.4,-7.6
2021-01-19,-3.9,19.1,-10
2021-01-20,-0.2,5.4,-2
2021-01-21,4,9.4,1.6
2021-01-22,,,
2021-01-23,10,36,6.2
2021-01-24,8.8,25.6,5.3
2021-01-25,7.5,15.8,4.7
2021-01-26,6.9,27.4,2.7
2021-01-27,5.3,22,1.2
2021-01-28,-2.8,30.6,-10.2
2021-01-29,-6,31,-14.4
2021-01-30,-2.1,22.7,-8.3
2021-01-31,4.2,25.6,-0.6
2021-02-01,8.7,30.6,4.8
2021-02-02,-1.6,22,-7.6
2021-02-03,-3.3,15.5,-8.6
2021-02-04,2.5,33.1,-3.5
2021-02-05,0.6,23.8,-5
2021-02-06,5.1,13.3,2.1
2021-02-07,7.4,18,4.3
2021-02-08,-0.8,24.1,-6.8
2021-02-09,-2.6,32,-10.1
2021-02-10,2.4,23,-2.6
2021-02-11,5,20.9,1
2021-02-12,7.6,11.5,5.5
2021-02-13,8.2,7.6,7
2021-02-14,,,
2021-02-15,0.7,39.2,-6.4
2021-02-16,-1.5,29.2,-8.3
2021-02-17,-5.4,37.8,-14.4
2021-02-18,-7.1,31.7,-16
2021-02-19,-3,26.6,-10
2021-02-20,8.1,37.8,3.6
2021-02-21,,,
2021-02-22,,,
2021-02-23,4.9,26.6,0.2
2021-02-24,4,11.5,1.1
2021-02-25,7.2,22.3,3.6
2021-02-26,7,24.8,3.1
2021-02-27,6.2,29.5,1.7
2021-02-28,5.8,24.8,1.6
2021-03-01,5.5,20.2,1.7
2021-03-02,2.3,15.5,-1.7
2021-03-03,1.6,12.6,-2
2021-03-04,5.1,4.7,4.3
2021-03-05,9.4,15.5,7.1
2021-03-06,5.4,22,1.3
2021-03-07,4.8,14.8,1.5
2021-03-08,4.2,8.6,2
2021-03-09,6.7,13,4.1
2021-03-10,7.3,13.3,4.8
2021-03-11,7.1,13.7,4.5
2021-03-12,9.2,18.4,6.5
2021-03-13,7.6,11.9,5.4
2021-03-14,8.7,12.6,6.6
2021-03-15,8.3,4,8.2
2021-03-16,,,
2021-03-17,8,13,5.7
2021-03-18,8.9,16.9,6.3
2021-03-19,9.1,16.6,6.6
2021-03-20,9.3,15.1,7
2021-03-21,5.3,27.4,0.7
2021-03-22,4.7,25.9,0
2021-03-23,5.3,8.3,3.4
2021-03-24,9.2,16.6,6.7
2021-03-25,,,
2021-03-26,,,
2021-03-27,,,
2021-03-28,,,
2021-03-29,,,
2021-03-30,,,
2021-03-31,9.9,6.5,9.2
2021-04-01,,,
2021-04-02,,,
2021-04-03,,,
2021-04-04,8.6,13.3,6.4
2021-04-05,6.3,16.2,3.2
2021-04-06,7.8,9.4,6.1
2021-04-07,,,
2021-04-08,,,
2021-04-09,8.5,13.7,6.2
2021-04-10,7.2,15.5,4.4
2021-04-11,8.6,10.1,6.9
2021-04-12,,,
2021-04-13,,,
2021-04-14,6.8,32.4,2.2
2021-04-15,8.7,18,5.9
2021-04-16,9.9,5.4,9.5
2021-04-17,9,19.4,6.2
2021-04-18,7.6,15.5,4.9
2021-04-19,9,6.5,8.2
2021-04-20,,,
2021-04-21,,,
2021-04-22,,,
2021-04-23,,,
2021-04-24,,,
2021-04-25,,,
2021-04-26,9.3,11.2,7.6
2021-04-27,,,
2021-04-28,,,
2021-04-29,,,
2021-04-30,,,
2021-05-01,16.3,58,17.3
2021-05-02,16.7,49.2,17.1
2021-05-03,19.3,50,19.6
2021-05-04,18.4,76,20.5
2021-05-05,22.1,49.3,22.3
2021-05-06,20.6,40.1,20.1
2021-05-07,20.2,76.1,22.3
2021-05-08,20,50.4,20.4
2021-05-09,21.9,37.3,21.1
2021-05-10,20.9,39,20.3
2021-05-11,18,61.3,19.2
2021-05-12,24.6,46.9,24.5
2021-05-13,24.9,61.3,26
2021-05-14,23.3,68.8,24.9
2021-05-15,20.3,97.6,23.8
2021-05-16,20.9,97.9,24.5
2021-05-17,16,92.3,19.1
2021-05-18,17.5,91.3,20.6
2021-05-19,23.5,62.4,24.7
2021-05-20,17.9,97.1,21.3
2021-05-21,22.7,56.9,23.4
2021-05-22,24.3,52.9,24.7
2021-05-23,26.3,61.9,27.4
2021-05-24,20.6,72.6,22.5
2021-05-25,23.7,57.6,24.5
2021-05-26,20.8,49.3,21
2021-05-27,20.8,72.1,22.7
2021-05-28,21.5,75.7,23.6
2021-05-29,22.6,48.2,22.7
2021-05-30,23.9,46.4,23.8
2021-05-31,24.9,52.6,25.3
2021-06-01,26.2,45.1,25.9
2021-06-02,25.1,65.3,26.5
2021-06-03,19.9,98.5,23.5
2021-06-04,24.6,52.3,24.9
2021-06-05,22.7,76,24.8
2021-06-06,24.5,67.4,26
2021-06-07,25.5,63.9,26.8
2021-06-08,26.1,69.5,27.8
2021-06-09,27.8,48.9,27.8
2021-06-10,26,67.8,27.6
2021-06-11,22.8,77.7,25.1
2021-06-12,21.6,98.1,25.2
2021-06-13,26.5,79.7,29
2021-06-14,25.8,74.4,27.9
2021-06-15,22.9,82.4,25.5
2021-06-16,22.4,80.9,24.9
2021-06-17,23.1,75.5,25.2
2021-06-18,21.8,86.1,24.6
2021-06-19,27.1,59.5,28
2021-06-20,26.4,61,27.4
2021-06-21,30.9,38.7,29.7
2021-06-22,25,62.9,26.2
2021-06-23,25.4,63.6,26.6
2021-06-24,25.2,66.2,26.7
2021-06-25,25.9,65.1,27.3
2021-06-26,26.1,70.7,27.9
2021-06-27,27.6,62.5,28.7
2021-06-28,28.1,59.8,29.1
2021-06-29,28.2,61.5,29.3
2021-06-30,27.8,62.7,29
2021-07-01,29.4,61.6,30.5
2021-07-02,29.3,59.2,30.2
2021-07-03,24.6,97.2,28.3
2021-07-04,26.6,77,28.9
2021-07-05,24.5,97.1,28.2
2021-07-06,24.7,96.6,28.3
2021-07-07,26.3,89.8,29.5
2021-07-08,27.5,85.4,30.4
2021-07-09,28.1,77.7,30.5
2021-07-10,27.9,73.8,30
2021-07-11,28.9,80.2,31.5
2021-07-12,29.6,79.3,32.1
2021-07-13,29.5,78.6,31.9
2021-07-14,30,77.8,32.4
2021-07-15,30,76,32.3
2021-07-16,30.4,71.7,32.3
2021-07-17,27.9,76.2,30.2
2021-07-18,29,71.4,30.9
2021-07-19,29.7,70.9,31.6
2021-07-20,32.4,60.3,33.4
2021-07-21,31.2,63.2,32.4
2021-07-22,31.5,67,33.1
2021-07-23,31.9,65,33.3
2021-07-24,31.6,60.8,32.6
2021-07-25,30.6,68.4,32.3
2021-07-26,30.9,64,32.2
2021-07-27,31.9,65,33.3
2021-07-28,31.7,67,33.3
2021-07-29,31.6,64.3,33
2021-07-30,30.5,70,32.3
2021-07-31,29.9,81.8,32.6
2021-08-01,32,75,34.3
2021-08-02,32,69.7,33.8
2021-08-03,31.1,68.4,32.8
2021-08-04,32.6,62.8,33.8
2021-08-05,32.9,69.8,34.7
2021-08-06,35.6,54,36
2021-08-07,33.1,63.2,34.3
2021-08-08,28,85.1,30.9
2021-08-09,32.1,55.9,32.7
2021-08-10,29.4,71.1,31.3
2021-08-11,28.3,79.1,30.8
2021-08-12,29.7,71.3,31.6
2021-08-13,26.2,80.6,28.8
2021-08-14,25.6,73.6,27.6
2021-08-15,28.4,71.4,30.3
2021-08-16,28.2,65.8,29.6
2021-08-17,26,75.5,28.2
2021-08-18,25.6,81.1,28.2
2021-08-19,28.1,70.2,29.9
2021-08-20,28.9,76.3,31.2
2021-08-21,25.7,96.5,29.4
2021-08-22,29.5,71.7,31.4
2021-08-23,26.6,87.9,29.7
2021-08-24,26.7,91.4,30.1
2021-08-25,26.2,91.1,29.5
2021-08-26,30.1,69.5,31.8
2021-08-27,28.8,81.9,31.5
2021-08-28,29.6,70.9,31.5
2021-08-29,30,73.1,32.1
2021-08-30,30.6,67,32.2
2021-08-31,29.4,75.2,31.6
2021-09-01,28.3,81.3,30.9
2021-09-02,24.5,78.6,26.9
2021-09-03,25.4,75.1,27.5
2021-09-04,26.4,69.3,28.1
2021-09-05,26.3,61.3,27.4
2021-09-06,25.9,73,27.9
2021-09-07,27.8,71.9,29.7
2021-09-08,28,68.4,29.6
2021-09-09,27.2,73.4,29.2
2021-09-10,23.3,91.8,26.6
2021-09-11,28,69.6,29.7
2021-09-12,28.1,72.3,30.1
2021-09-13,25.7,71.3,27.5
2021-09-14,22.7,96.4,26.3
2021-09-15,26.2,62.7,27.4
2021-09-16,24.6,71.9,26.5
2021-09-17,22.9,79.6,25.3
2021-09-18,26.8,63.3,28
2021-09-19,27.7,58.9,28.6
2021-09-20,27.3,69.6,29
2021-09-21,25,87,28
2021-09-22,27.2,69.8,29
2021-09-23,27.2,52.3,27.5
2021-09-24,26.6,65.1,28
2021-09-25,26.1,70.8,27.9
2021-09-26,25,64.9,26.3
2021-09-27,25.6,68.1,27.2
2021-09-28,26.3,73.1,28.3
2021-09-29,27.6,79.5,30.1
2021-09-30,25.4,73.4,27.4
2021-10-01,,,
2021-10-02,,,
2021-10-03,,,
2021-10-04,,,
2021-10-05,,,
2021-10-06,,,
2021-10-07,,,
2021-10-08,,,
2021-10-09,,,
2021-10-10,,,
2021-10-11,,,
2021-10-12,,,
2021-10-13,,,
2021-10-14,,,
2021-10-15,,,
2021-10-16,,,
2021-10-17,5.7,37.1,0.4
2021-10-18,7.1,9.4,5.3
2021-10-19,,,
2021-10-20,9.1,16.9,6.6
2021-10-21,,,
2021-10-22,,,
2021-10-23,,,
2021-10-24,,,
2021-10-25,,,
2021-10-26,,,
2021-10-27,,,
2021-10-28,,,
2021-10-29,,,
2021-10-30,,,
2021-10-31,,,
2021-11-01,,,
2021-11-02,,,
2021-11-03,,,
2021-11-04,,,
2021-11-05,,,
2021-11-06,,,
2021-11-07,,,
2021-11-08,8.6,34.9,4.4
2021-11-09,8.5,35.6,4.2
2021-11-10,8.3,32.8,4.2
2021-11-11,8.8,33.5,4.8
2021-11-12,7.3,35.3,2.7
2021-11-13,4.6,7.6,2.8
2021-11-14,9.2,8.6,7.9
2021-11-17,8.8,10.4,7.1
2021-11-18,9.1,9.7,7.6
2021-11-19,10,7.9,9
2021-11-22,4.4,18,0.6
2021-11-23,4.1,21.6,-0.3
2021-11-24,5.6,17.3,2.2
2021-11-25,8.7,13.3,6.5
2021-11-26,5.4,11.5,2.8
2021-11-27,5.3,17.6,1.7
2021-11-28,7.2,6.5,6.1
2021-11-29,8.3,14,6
2021-12-01,0.4,15.8,-4.1
2021-12-02,0.1,18.4,-4.9
2021-12-03,3.5,22,-1.1
2021-12-04,2.7,24.5,-2.4
2021-12-05,4.5,16.2,0.9
2021-12-06,7.2,5.8,6.3
2021-12-07,9.5,15.5,7.2
2021-12-08,7.4,10.1,5.5
2021-12-09,8.8,12.6,6.8
2021-12-10,9.5,4.7,9.3
2021-12-11,9.1,16.6,6.6
2021-12-12,2.8,24.8,-2.3
2021-12-13,-0.8,28.8,-7.4
2021-12-14,0.4,18.4,-4.5
2021-12-15,5.8,19.8,2.1
2021-12-16,7.8,16.6,5
2021-12-17,-3,28.4,-10.2
2021-12-18,-6.2,21.2,-13.3
2021-12-19,1.5,22.3,-3.7
2021-12-20,3.2,21.2,-1.4
2021-12-21,8.1,17.6,5.2
2021-12-22,5.6,7.9,3.9
2021-12-23,5.8,12.6,3.1
2021-12-24,5.4,18.4,1.8
2021-12-25,-6.4,16.2,-12.6
2021-12-26,-7.9,20.9,-15.4
2021-12-27,-6.7,16.9,-13.1
2021-12-28,0.6,15.1,-3.7
2021-12-29,2.2,7.2,0.1
2021-12-30,1.3,30.2,-4.8
2022-01-01,-3.7,25.6,-10.7
2022-01-02,0.8,13.7,-3.2
2022-01-03,1.2,17.6,-3.4
2022-01-04,1.1,16.9,-3.4
2022-01-05,2.8,11.9,-0.4
2022-01-06,4.3,14.8,0.9
2022-01-07,1.6,4.7,0.4
2022-01-08,3.1,22.7,-1.7
2022-01-09,3.2,17.3,-0.8
2022-01-10,3.7,4.7,2.7
2022-01-11,-3.3,28.4,-10.6
2022-01-12,-5.1,22.3,-12.1
2022-01-13,-3.5,15.8,-8.9
2022-01-14,-6,17.6,-12.4
2022-01-15,1.4,12.2,-2.1
2022-01-16,0,12.2,-3.8
2022-01-17,-2.1,14.8,-7
2022-01-18,-3.9,13,-8.8
2022-01-19,-1,18.4,-6.3
2022-01-20,-3.3,16.9,-8.9
2022-01-21,-0.7,6.1,-2.9
2022-01-22,1.8,5.8,0.1
2022-01-23,7.9,15.1,5.3
2022-01-24,3.8,14,0.4
2022-01-25,3.9,13,0.7
2022-01-26,3.6,23.8,-1.2
2022-01-27,3.8,20.5,-0.5
2022-01-28,0.7,14,-3.4
2022-01-29,1.9,23.4,-3.3
2022-01-30,-1.2,23,-7.2
2022-02-01,0.4,13,-3.5
2022-02-02,-1.6,14.4,-6.3
2022-02-03,-1.1,15.5,-5.9
2022-02-04,-1.1,27.7,-7.7
2022-02-05,-4,15.5,-9.5
2022-02-06,-3.9,24.5,-10.9
2022-02-07,-1.3,25.6,-7.7
2022-02-08,0,21.6,-5.5
2022-02-09,2.3,14.4,-1.5
2022-02-10,5,14.4,1.8
2022-02-11,2.9,13,-0.5
2022-02-12,5.3,9.4,3.1
2022-02-13,6.5,14,3.7
2022-02-14,6.3,16.6,3.1
2022-02-15,-2.4,19.4,-8.2
2022-02-16,-4,25.6,-11.1
2022-02-17,-6.2,23,-13.6
2022-02-18,-1.4,11.9,-5.5
2022-02-19,2.8,10.8,-0.2
2022-02-20,-3.7,23.4,-10.4
2022-02-21,-3,18,-8.7
2022-02-22,-1.8,17.3,-7.1
2022-02-23,-2.4,17.6,-7.9
2022-02-24,-4.4,24.1,-11.4
2022-02-25,-0.5,16.6,-5.3
2022-02-26,3.3,13,0
2022-02-27,2.6,16.2,-1.4
2022-03-01,9.2,15.1,6.9
2022-03-02,3.2,22.7,-1.5
2022-03-03,3.2,8.3,0.9
2022-03-04,6.3,9,4.4
2022-03-05,3,9.7,0.3
2022-03-06,0.7,15.8,-3.7
2022-03-07,3.4,9,1
2022-03-08,6.1,12.6,3.5
2022-03-09,7.3,11.5,5.1
2022-03-10,7.4,6.1,6.5
2022-03-14,9.6,13.7,7.6
2022-03-15,7.5,14.8,4.9
2022-03-16,9.1,7.6,8
2022-03-17,8.1,25.6,4.4
2022-03-18,5.3,17.6,1.7
2022-03-19,4.3,9.7,1.9
2022-03-20,4.4,12.6,1.4
2022-03-21,4.9,16.9,1.3
2022-03-22,6.9,15.5,4
2022-03-23,6.2,12.6,3.6
2022-03-24,6,19.1,2.4
2022-03-25,9.5,13.3,7.5
2022-03-28,7.1,11.9,4.8
2022-03-29,7.2,10.1,5.3
2022-03-30,10,8.3,8.9
2022-04-01,7,18.7,3.7
2022-04-02,6.9,6.5,5.8
2022-04-03,10,8.6,8.9
2022-04-04,9.2,7.2,8.2
2022-04-05,9.4,13,7.4
2022-04-06,,,
2022-04-07,,,
2022-04-14,9.9,13.3,8
2022-04-15,9.4,16.2,7
2022-04-16,8.2,13.3,5.9
2022-04-17,10,12.6,8.2
2022-04-29,9.4,19.4,6.7
2022-05-01,19.1,38.9,18.6
2022-05-02,19.4,50.2,19.7
2022-05-03,18.2,57,19
2022-05-04,20.1,54.1,20.7
2022-05-05,20.9,61.8,22.1
2022-05-06,22.7,75,24.8
2022-05-07,25.7,52.1,26
2022-05-08,19.2,53.6,19.8
2022-05-09,19.7,54.3,20.3
2022-05-10,20,55.4,20.7
2022-05-11,22.5,74.2,24.5
2022-05-12,23.3,75.2,25.4
2022-05-13,19.6,74,21.6
2022-05-14,23.5,49.6,23.6
2022-05-15,20.1,52.4,20.6
2022-05-16,22.6,35.2,21.6
2022-05-17,23.2,46.7,23.2
2022-05-18,23.3,55.2,23.9
2022-05-19,25.2,38.4,24.3
2022-05-20,24.6,46.3,24.5
2022-05-21,25.2,51.5,25.5
2022-05-22,26.4,42.8,25.9
2022-05-23,25.7,59,26.6
2022-05-24,26.7,60.2,27.7
2022-05-25,25.4,60.8,26.4
2022-05-26,25,57.8,25.8
2022-05-27,27.2,41.8,26.5
2022-05-28,26.8,42.1,26.2
2022-05-29,26.6,48.6,26.6
2022-05-30,23.6,62.4,24.8
2022-05-31,27.4,38.8,26.4
2022-06-01,26.7,39.2,25.8
2022-06-02,22.5,74.5,24.5
2022-06-03,26.2,59.9,26.7
2022-06-04,25.1,51.9,24.9
2022-06-05,19.1,95.5,22
2022-06-06,24.1,66.2,25.1
2022-06-07,21.6,63.9,22.4
2022-06-08,21,69.8,22.2
2022-06-09,23.3,67.1,24.3
2022-06-10,24.9,68.4,26
2022-06-11,26.4,58.6,26.7
2022-06-12,24.3,65.2,25.2
2022-06-13,22.4,66.5,23.3
2022-06-14,18.4,94,21.2
2022-06-15,23.3,80.8,25.3
2022-06-16,25.9,66.9,26.9
2022-06-17,25.8,71.6,27.2
2022-06-18,27.2,69.3,28.4
2022-06-19,26.7,74.2,28.3
2022-06-20,27.5,74.7,29.1
2022-06-21,28.5,73.8,30.1
2022-06-22,28.5,71.9,29.9
2022-06-23,23.8,99.9,27.1
2022-06-24,25,89.7,27.7
2022-06-25,26.4,84.1,28.7
2022-06-26,25.7,89.1,28.4
2022-06-27,24.5,99.8,27.8
2022-06-28,24.6,98.6,27.9
2022-06-29,24.9,97.6,28.1
2022-06-30,28.1,84.5,30.5
2022-07-01,29.7,76.5,31.5
2022-07-02,32.2,56.3,32.3
2022-07-03,31.5,70.4,32.9
2022-07-04,31,70.2,32.3
2022-07-05,30.7,74.8,32.4
2022-07-06,30.3,81.2,32.5
2022-07-07,30.6,77.1,32.5
2022-07-08,29.2,84.9,31.6
2022-07-09,31.1,68.1,32.2
2022-07-10,29.6,77.8,31.5
2022-07-11,26,93.7,29
2022-07-12,27.9,77.2,29.7
2022-07-13,26.7,81.3,28.8
2022-07-14,32,75.3,33.8
2022-07-15,30.2,77.3,32.1
2022-07-16,30.1,67.9,31.2
2022-07-17,29.2,70.7,30.6
2022-07-18,26.2,79.8,28.2
2022-07-19,27.3,82.8,29.5
2022-07-20,30.3,69.7,31.6
2022-07-21,29.6,76.5,31.4
2022-07-22,29.7,62.9,30.4
2022-07-23,28.2,75,29.9
2022-07-24,27.7,82.6,29.9
2022-07-25,28.5,83.8,30.8
2022-07-26,29.6,70.5,30.9
2022-07-27,30.4,66.5,31.4
2022-07-28,30.8,76.5,32.7
2022-07-29,32.9,63.3,33.7
2022-07-30,30.5,71.2,31.9
2022-07-31,28.2,89.6,31
2022-08-01,30.5,76.5,32.3
2022-08-02,29.4,83.7,31.8
2022-08-03,30.4,79.6,32.5
2022-08-04,31.6,73,33.2
2022-08-05,33,68.5,34.2
2022-08-06,32.1,72.7,33.7
2022-08-07,32.2,74.7,33.9
2022-08-08,31.1,70.2,32.4
2022-08-09,31.9,65.9,32.9
2022-08-10,30.4,70.6,31.8
2022-08-11,29,77.5,30.9
2022-08-12,31.9,76.8,33.8
2022-08-13,31.1,75.4,32.9
2022-08-14,32.6,64.2,33.5
2022-08-15,31.3,69.4,32.6
2022-08-16,29.1,77.3,31
2022-08-17,23.9,100,27.2
2022-08-18,28.9,73.4,30.5
2022-08-19,30.1,75.3,31.8
2022-08-20,27.6,91.5,30.5
2022-08-21,30.2,58.8,30.6
2022-08-22,28.5,65.5,29.4
2022-08-23,31.4,63.4,32.1
2022-08-24,24.1,90.8,26.8
2022-08-25,28.6,66.3,29.6
2022-08-26,28.7,55.2,28.8
2022-08-27,29.5,60.3,30
2022-08-28,27.1,57.3,27.3
2022-08-29,29.7,67.4,30.8
2022-08-30,27.1,73.3,28.6
2022-08-31,24.3,96,27.4
2022-09-01,23.1,86.8,25.5
2022-09-02,22.3,97.4,25.4
2022-09-03,25,88.1,27.5
2022-09-04,29.4,80.4,31.5
2022-09-05,27.9,84.8,30.3
2022-09-06,28.3,60.5,28.8
2022-09-07,28.7,48.6,28.1
2022-09-08,27.3,58.8,27.7
2022-09-09,27.8,63.2,28.5
2022-09-10,26.2,65.6,27.1
2022-09-11,28.4,65.4,29.3
2022-09-12,28,73.6,29.6
2022-09-13,28.4,70.9,29.7
2022-09-14,28.5,65.8,29.5
2022-09-15,28,70.1,29.2
2022-09-16,29,77.9,30.9
2022-09-17,30.3,73.5,31.9
2022-09-18,30.9,70.5,32.2
2022-09-19,28.8,66.6,29.8
2022-09-20,23.1,56.5,23.3
2022-09-21,23.4,52.8,23.3
2022-09-22,24.5,67.2,25.5
2022-09-23,26.3,60.8,26.8
2022-09-24,25.6,44.2,24.7
2022-09-25,22.4,65.1,23.3
2022-09-26,23.9,67.1,24.9
2022-09-27,26.3,64.3,27.1
2022-09-28,27.7,59.4,28.1
2022-09-29,27.1,57.9,27.4
2022-09-30,26.6,69.2,27.8
2022-10-18,8.9,20.5,5.9
2022-10-19,9,20.2,6.1
2022-10-21,,,
2022-10-22,,,
2022-10-25,10,11.9,8.3
2022-11-01,,,
2022-11-02,,,
2022-11-04,7.6,13,5.2
2022-11-05,5.6,20.2,1.8
2022-11-06,7.5,10.1,5.6
2022-11-07,10,9.4,8.7
2022-11-09,,,
2022-11-10,,,
2022-11-11,,,
2022-11-12,,,
2022-11-13,,,
2022-11-15,7,17.3,3.9
2022-11-16,9.3,13.7,7.2
2022-11-17,,,
2022-11-18,9.4,5.4,9
2022-11-19,,,
2022-11-20,,,
2022-11-21,,,
2022-11-22,,,
2022-11-23,,,
2022-11-24,,,
2022-11-25,9.7,5.4,9.3
2022-11-26,,,
2022-11-27,9.9,28.1,6.6
2022-11-28,,,
2022-11-29,9.3,33.1,5.5
2022-11-30,0.2,44.6,-7.5
2022-12-01,-1.3,36.7,-8.8
2022-12-02,-1.4,10.8,-5.2
2022-12-03,3.2,16.2,-0.7
2022-12-04,3.8,33.1,-1.8
2022-12-05,1,31.3,-5.3
2022-12-06,0.9,42.5,-6.4
2022-12-07,5.2,26.3,0.6
2022-12-08,4.5,16.2,0.9
2022-12-09,7.2,14.4,4.5
2022-12-10,5.1,10.4,2.7
2022-12-11,5.3,27.7,0.6
2022-12-12,5.7,26.3,1.3
2022-12-13,4.5,22.7,0.1
2022-12-14,-3.5,20.2,-9.7
2022-12-15,-3.8,22,-10.4
2022-12-16,1.4,32.4,-4.9
2022-12-17,-3.6,26.6,-10.7
2022-12-18,-5.5,31,-13.8
2022-12-19,-5,15.5,-10.7
2022-12-20,-0.7,14.4,-5.2
2022-12-21,2.3,22,-2.6
2022-12-22,-4,31,-11.8
2022-12-23,-5.9,34.2,-14.7
2022-12-24,-6.2,24.5,-13.8
2022-12-25,-1.7,24.5,-8
2022-12-26,-0.5,20.9,-6
2022-12-27,0.2,22.7,-5.4
2022-12-28,0.5,18,-4.3
2022-12-29,-1.8,15.8,-6.8
2022-12-30,-1.3,8.6,-4.5
2022-12-31,-0.4,23.8,-6.3
2023-01-01,0.6,13.7,-3.4
2023-01-02,0.8,16.6,-3.7
2023-01-03,-1.2,20.2,-6.8
2023-01-04,-1.5,17.6,-6.7
2023-01-05,1.6,14.8,-2.4
2023-01-06,1.7,19.1,-3
2023-01-07,3.9,28.8,-1.3
2023-01-08,1.6,16.2,-2.6
2023-01-09,6.8,17.6,3.6
2023-01-10,3.9,11.2,1.1
2023-01-11,5.6,9.7,3.4
2023-01-12,6.8,6.5,5.6
2023-01-14,8.2,15.5,5.6
2023-01-15,1.8,16.6,-2.5
2023-01-16,-1.8,29.9,-8.8
2023-01-17,-1.3,29.9,-8.2
2023-01-18,0.5,24.1,-5.2
2023-01-19,-0.7,14.4,-5.2
2023-01-20,-1.5,12.2,-5.7
2023-01-21,-3.5,29.5,-11
2023-01-22,-0.1,8.6,-3
2023-01-23,4,25.6,-0.8
2023-01-24,-9.5,24.1,-18
2023-01-25,-11.6,25.2,-20.9
2023-01-26,-5.9,20.5,-12.8
2023-01-27,-5.4,18,-11.7
2023-01-28,-7.4,26.6,-15.7
2023-01-29,-3.8,9.4,-7.7
2023-01-30,0.9,24.8,-4.7
2023-01-31,1.1,20.2,-3.9
2023-02-01,2.9,22.3,-1.9
2023-02-02,0.7,21.6,-4.6
2023-02-03,3.1,20.2,-1.4
2023-02-04,0.5,22,-4.9
2023-02-05,1,14.4,-3.1
2023-02-06,2.9,9.7,0.2
2023-02-07,6.1,10.4,3.9
2023-02-08,5.8,12.2,3.2
2023-02-09,4.2,11.5,1.4
2023-02-10,3.8,18.7,-0.3
2023-02-11,3.9,10.1,1.3
2023-02-12,6.5,19.8,3
2023-02-13,5.5,14.8,2.4
2023-02-14,3.7,15.8,0
2023-02-15,1.7,13.3,-2
2023-02-16,2.5,11.5,-0.7
2023-02-17,4.8,17.6,1.1
2023-02-18,6,6.8,4.6
2023-02-19,4.5,16.2,0.9
2023-02-20,0.1,16.2,-4.5
2023-02-21,-2.7,20.9,-8.8
2023-02-22,1.6,11.5,-1.8
2023-02-23,5.6,15.5,2.4
2023-02-24,7.1,20.2,3.7
2023-02-25,0.6,24.5,-5.1
2023-02-26,1.5,22.3,-3.7
2023-02-27,4.4,15.8,0.9
2023-02-28,5.8,26.3,1.4
2023-03-01,6,19.4,2.4
2023-03-02,2.4,13.3,-1.2
2023-03-03,1.5,22.3,-3.7
2023-03-04,6.6,5.4,5.8
2023-03-05,7.5,13,5.1
2023-03-06,8.3,12.2,6.2
2023-03-07,9.4,16.2,7
2023-03-12,3,22.7,-1.8
2023-03-13,0.7,18.4,-4.1
2023-03-14,6.9,14,4.2
2023-03-16,9.2,9.4,7.8
2023-03-17,8.4,11.2,6.5
2023-03-18,8.8,13.7,6.6
2023-03-19,7.6,8.3,6.1
2023-03-20,9.4,9.4,8
2023-03-24,8.6,15.5,6.1
2023-03-25,9,17.3,6.4
2023-03-26,9.5,12.6,7.6
2023-03-27,7.3,21.6,3.8
2023-03-28,8.1,4.7,7.7
2023-03-29,9.5,8.3,8.4
2023-04-07,9.1,9,7.7
2023-04-08,5.3,16.6,1.9
2023-04-09,7.4,15.5,4.6
2023-04-11,,,
2023-04-16,9.9,10.4,8.4
2023-04-17,9.1,9.7,7.6
2023-04-20,,,
2023-04-25,8.9,13.7,6.7
2023-04-26,9.1,18.4,6.4
2023-05-01,22.6,35.6,21.1
2023-05-02,21.3,55.6,21.5
2023-05-03,20.9,57.2,21.2
2023-05-04,21.2,69.2,22.4
2023-05-05,18.4,92.9,21.1
2023-05-06,18.6,100,21.7
2023-05-07,13.3,74.2,14.8
2023-05-08,18.5,56.4,18.8
2023-05-09,23.5,40.6,22.4
2023-05-10,23.4,62.9,24.1
2023-05-11,22.4,55.9,22.6
2023-05-12,22.1,58.8,22.5
2023-05-13,15.9,84.4,18
2023-05-14,21.1,71.9,22.4
2023-05-15,22.7,58.2,23.1
2023-05-16,21.7,76,23.3
2023-05-17,24,68.4,25.1
2023-05-18,20.2,96.5,23.2
2023-05-19,21.8,64.9,22.7
2023-05-20,22.1,63.5,22.9
2023-05-21,23.1,69.6,24.3
2023-05-22,22.7,50.1,22.4
2023-05-23,22.5,58.1,22.8
2023-05-24,22.1,69.9,23.3
2023-05-25,22.7,69.7,23.9
2023-05-26,22.6,70.4,23.9
2023-05-27,24.4,68.2,25.5
2023-05-28,21.3,94.2,24.2
2023-05-30,19.8,75.9,21.4
2023-05-31,24.2,44.8,23.4
2023-06-01,19.3,91.5,21.9
2023-06-02,27.5,58.8,27.9
2023-06-03,24.7,53.6,24.7
2023-06-04,27.7,34.9,25.8
2023-06-05,27.1,44.8,26.2
2023-06-06,23.5,59.3,23.9
2023-06-07,25.1,62.8,25.8
2023-06-08,25.4,61.6,26
2023-06-09,24.8,66.9,25.8
2023-06-10,26.2,66.7,27.2
2023-06-11,24.6,80,26.5
2023-06-12,26.2,76.1,27.9
2023-06-13,25.5,69.4,26.7
2023-06-14,25.6,69.2,26.8
2023-06-15,26,61.3,26.6
2023-06-16,27.7,61.8,28.3
2023-06-17,27.7,52.1,27.5
2023-06-18,28.7,52.3,28.5
2023-06-19,28.8,57.7,29
2023-06-20,27.4,51.9,27.2
2023-06-21,22.9,86.6,25.3
2023-06-22,26.1,62.8,26.8
2023-06-23,26.3,66.2,27.3
2023-06-24,26.5,60.8,27
2023-06-25,26.3,66.7,27.3
2023-06-26,24,87.6,26.5
2023-06-27,26.6,74.9,28.2
2023-06-28,25.2,75,26.8
2023-06-29,26.7,78.2,28.6
2023-06-30,25.1,83.2,27.3
2023-07-01,27,68.1,28.1
2023-07-02,28.5,68.9,29.7
2023-07-03,28.9,66.4,29.9
2023-07-04,28.6,71.6,30
2023-07-05,30.9,59.1,31.3
2023-07-06,27.6,61.7,28.2
2023-07-07,25.6,82.1,27.7
2023-07-08,23.7,91.8,26.5
2023-07-09,27.2,81,29.3
2023-07-10,28,75.9,29.7
2023-07-11,28.6,74.1,30.2
2023-07-12,27.5,79.7,29.5
2023-07-13,26.3,86.3,28.8
2023-07-14,25.7,85.5,28.1
2023-07-15,27,81.3,29.1
2023-07-16,25.8,90.7,28.6
2023-07-17,29,78.3,30.9
2023-07-18,26.3,87.3,28.8
2023-07-19,25.6,76,27.3
2023-07-20,27.2,75.4,28.9
2023-07-21,29.1,65.3,30
2023-07-22,27.7,75.6,29.4
2023-07-23,28.8,77.8,30.7
2023-07-24,28.4,77.7,30.3
2023-07-25,29.7,74.9,31.4
2023-07-26,31,71.9,32.4
2023-07-27,31.6,61.6,32.2
2023-07-28,33,59.4,33.4
2023-07-29,31.6,69.1,32.8
2023-07-30,32.1,66.8,33.1
2023-07-31,32,69.8,33.3
2023-08-01,33,59,33.3
2023-08-02,33,65.7,34
2023-08-03,33.2,58.3,33.5
2023-08-04,33.6,55.9,33.7
2023-08-05,32.7,69.8,34
2023-08-06,34.4,53.6,34.2
2023-08-07,35.2,53.2,35
2023-08-08,33.4,59.8,33.8
2023-08-09,27,73.8,28.6
2023-08-10,26,89.1,28.7
2023-08-11,30,69.9,31.3
2023-08-12,30,62,30.6
2023-08-13,30.7,67.4,31.8
2023-08-14,30.8,64.7,31.7
2023-08-15,31.5,63.9,32.3
2023-08-16,27.7,73.7,29.2
2023-08-17,28.9,69.9,30.2
2023-08-18,30.5,67.5,31.6
2023-08-19,27,89.9,29.8
2023-08-20,31,70.8,32.4
2023-08-21,31.7,68.2,32.9
2023-08-22,31.4,70.6,32.8
2023-08-23,31.3,68.5,32.5
2023-08-24,28.6,77.7,30.5
2023-08-25,30.1,63.6,30.9
2023-08-26,30.9,65.5,31.8
2023-08-27,31.8,59.1,32.2
2023-08-28,31.2,63.2,31.9
2023-08-29,28.9,71.4,30.3
2023-08-30,28.2,79.7,30.2
2023-08-31,29.6,77,31.4
2023-09-01,25.3,90.2,28
2023-09-02,27.1,76.1,28.8
2023-09-03,30.7,67.2,31.8
2023-09-04,30.7,65.1,31.6
2023-09-05,31.7,44.3,30.6
2023-09-06,30.4,56.7,30.5
2023-09-07,29.6,54.1,29.5
2023-09-08,28.7,55.3,28.8
2023-09-09,27.9,58.6,28.2
2023-09-10,29.8,60.2,30.2
2023-09-11,30,63.7,30.8
2023-09-12,30.1,67.4,31.2
2023-09-13,30,70.4,31.3
2023-09-14,26.3,74.6,27.9
2023-09-15,26.4,87.8,29
2023-09-16,25.8,90.3,28.5
2023-09-17,26.1,82.5,28.3
2023-09-18,28.5,74.2,30.1
2023-09-19,29.4,64,30.2
2023-09-20,26.5,83.5,28.8
2023-09-21,26.5,83.6,28.8
2023-09-22,26.4,57.4,26.7
2023-09-23,26.2,50.3,25.9
2023-09-24,26.6,54.3,26.6
2023-09-25,29.1,54.9,29.1
2023-09-26,26.8,68.4,27.9
2023-09-27,28.5,64.6,29.3
2023-09-28,29.3,52.7,29.1
2023-09-29,28.5,47.6,27.8
2023-09-30,22.2,78,24
2023-10-01,,,
2023-10-02,,,
2023-10-03,,,
2023-10-04,,,
2023-10-05,,,
2023-10-06,,,
2023-10-07,,,
2023-10-08,,,
2023-10-09,,,
2023-10-10,,,
2023-10-11,,,
2023-10-12,,,
2023-10-13,,,
2023-10-14,,,
2023-10-15,,,
2023-10-16,,,
2023-10-17,,,
2023-10-18,,,
2023-10-19,,,
2023-10-20,,,
2023-10-21,9,18.7,6.2
2023-10-22,,,
2023-10-23,,,
2023-10-24,,,
2023-10-25,,,
2023-10-26,,,
2023-10-27,,,
2023-10-28,,,
2023-10-29,,,
2023-10-30,,,
2023-10-31,,,
2023-11-01,,,
2023-11-02,,,
2023-11-03,,,
2023-11-04,,,
2023-11-05,,,
2023-11-06,,,
2023-11-07,,,
2023-11-08,8.1,4,8
2023-11-09,,,
2023-11-10,8.6,25.2,5.1
2023-11-11,5.4,10.8,3
2023-11-12,3.8,19.8,-0.4
2023-11-13,2.3,27,-3.2
2023-11-14,3.9,22,-0.6
2023-11-15,7.5,18,4.4
2023-11-16,8.2,19.8,5.1
2023-11-17,4.2,20.9,-0.1
2023-11-18,-0.6,24.8,-6.7
2023-11-19,4.9,17.6,1.2
2023-11-20,8.3,18,5.4
2023-11-21,9,9,7.6
2023-11-22,,,
2023-11-23,,,
2023-11-24,2.4,33.5,-3.7
2023-11-25,-0.9,25.9,-7.2
2023-11-26,5.4,15.8,2.1
2023-11-27,8,8.6,6.5
2023-11-28,5.6,13.7,2.7
2023-11-29,4,9.7,1.5
2023-11-30,0.6,26.3,-5.3
2023-12-01,-1.6,8.3,-4.7
2023-12-02,0.4,16.9,-4.3
2023-12-03,6.8,19.1,3.4
2023-12-04,4.8,8.3,2.8
2023-12-05,5.8,6.1,4.6
2023-12-06,6.4,7.2,5
2023-12-07,7.5,25.6,3.7
2023-12-08,8.9,16.6,6.4
2023-12-09,,,
2023-12-10,,,
2023-12-11,,,
2023-12-12,8.8,15.8,6.3
2023-12-13,7.6,13,5.2
2023-12-14,,,
2023-12-15,8.7,12.2,6.7
2023-12-16,-1.7,23.8,-7.9
2023-12-17,-3.9,24.1,-10.8
2023-12-18,-5.2,23,-12.3
2023-12-19,-1.8,15.8,-6.8
2023-12-20,-4.1,24.8,-11.2
2023-12-21,-7.3,16.6,-13.8
2023-12-22,-7.9,23.4,-15.8
2023-12-23,-5.8,23.4,-13.1
2023-12-24,-1,11.2,-4.8
2023-12-25,-1.2,8.6,-4.3
2023-12-26,0.9,19.1,-4
2023-12-27,4.9,17.3,1.3
2023-12-28,4.4,11.2,1.7
2023-12-29,3.2,23.8,-1.7
2023-12-30,3.6,10.4,0.9
2023-12-31,4.9,15.1,1.6